Date,Time,Temp
11/8/01,12:30,9.79
11/8/01,13:00,9.79
11/8/01,13:30,9.64
11/8/01,14:00,9.64
11/8/01,14:30,9.79
11/8/01,15:00,9.64
11/8/01,15:30,9.64
11/8/01,16:00,9.64
11/8/01,16:30,9.79
11/8/01,17:00,9.95
11/8/01,17:30,9.95
11/8/01,18:00,9.95
11/8/01,18:30,9.95
11/8/01,19:00,9.79
11/8/01,19:30,9.79
11/8/01,20:00,9.79
11/8/01,20:30,9.95
11/8/01,21:00,9.95
11/8/01,21:30,9.95
11/8/01,22:00,9.95
11/8/01,22:30,9.95
11/8/01,23:00,9.95
11/8/01,23:30,9.79
11/9/01,0:00,9.79
11/9/01,0:30,9.79
11/9/01,1:00,9.79
11/9/01,1:30,9.79
11/9/01,2:00,9.64
11/9/01,2:30,9.64
11/9/01,3:00,9.79
11/9/01,3:30,9.64
11/9/01,4:00,9.64
11/9/01,4:30,9.64
11/9/01,5:00,9.64
11/9/01,5:30,9.64
11/9/01,6:00,9.64
11/9/01,6:30,9.64
11/9/01,7:00,9.64
11/9/01,7:30,9.64
11/9/01,8:00,9.64
11/9/01,8:30,9.64
11/9/01,9:00,9.64
11/9/01,9:30,9.64
11/9/01,10:00,9.64
11/9/01,10:30,9.64
11/9/01,11:00,9.64
11/9/01,11:30,9.64
11/9/01,12:00,9.48
11/9/01,12:30,9.48
11/9/01,13:00,9.64
11/9/01,13:30,9.48
11/9/01,14:00,9.48
11/9/01,14:30,9.48
11/9/01,15:00,9.48
11/9/01,15:30,9.48
11/9/01,16:00,9.64
11/9/01,16:30,9.64
11/9/01,17:00,9.64
11/9/01,17:30,9.64
11/9/01,18:00,9.64
11/9/01,18:30,9.64
11/9/01,19:00,9.64
11/9/01,19:30,9.64
11/9/01,20:00,9.64
11/9/01,20:30,9.79
11/9/01,21:00,9.64
11/9/01,21:30,9.64
11/9/01,22:00,9.64
11/9/01,22:30,9.64
11/9/01,23:00,9.64
11/9/01,23:30,9.64
11/10/01,0:00,9.64
11/10/01,0:30,9.79
11/10/01,1:00,9.79
11/10/01,1:30,9.64
11/10/01,2:00,9.64
11/10/01,2:30,9.64
11/10/01,3:00,9.64
11/10/01,3:30,9.64
11/10/01,4:00,9.64
11/10/01,4:30,9.64
11/10/01,5:00,9.64
11/10/01,5:30,9.64
11/10/01,6:00,9.64
11/10/01,6:30,9.48
11/10/01,7:00,9.64
11/10/01,7:30,9.64
11/10/01,8:00,9.64
11/10/01,8:30,9.64
11/10/01,9:00,9.64
11/10/01,9:30,9.64
11/10/01,10:00,9.48
11/10/01,10:30,9.48
11/10/01,11:00,9.48
11/10/01,11:30,9.48
11/10/01,12:00,9.48
11/10/01,12:30,9.48
11/10/01,13:00,9.48
11/10/01,13:30,9.48
11/10/01,14:00,9.48
11/10/01,14:30,9.33
11/10/01,15:00,9.33
11/10/01,15:30,9.33
11/10/01,16:00,9.33
11/10/01,16:30,9.33
11/10/01,17:00,9.64
11/10/01,17:30,9.64
11/10/01,18:00,9.64
11/10/01,18:30,9.64
11/10/01,19:00,9.64
11/10/01,19:30,9.64
11/10/01,20:00,9.64
11/10/01,20:30,9.48
11/10/01,21:00,9.48
11/10/01,21:30,9.33
11/10/01,22:00,9.33
11/10/01,22:30,9.33
11/10/01,23:00,9.33
11/10/01,23:30,9.33
11/11/01,0:00,9.33
11/11/01,0:30,9.33
11/11/01,1:00,9.33
11/11/01,1:30,9.33
11/11/01,2:00,9.33
11/11/01,2:30,9.33
11/11/01,3:00,9.33
11/11/01,3:30,9.17
11/11/01,4:00,9.17
11/11/01,4:30,9.17
11/11/01,5:00,9.33
11/11/01,5:30,9.17
11/11/01,6:00,9.17
11/11/01,6:30,9.17
11/11/01,7:00,9.17
11/11/01,7:30,9.17
11/11/01,8:00,9.17
11/11/01,8:30,9.17
11/11/01,9:00,9.17
11/11/01,9:30,9.17
11/11/01,10:00,9.17
11/11/01,10:30,9.33
11/11/01,11:00,9.33
11/11/01,11:30,9.33
11/11/01,12:00,9.33
11/11/01,12:30,9.33
11/11/01,13:00,9.17
11/11/01,13:30,9.17
11/11/01,14:00,9.17
11/11/01,14:30,9.17
11/11/01,15:00,9.17
11/11/01,15:30,9.17
11/11/01,16:00,9.17
11/11/01,16:30,9.17
11/11/01,17:00,9.17
11/11/01,17:30,9.17
11/11/01,18:00,9.33
11/11/01,18:30,9.33
11/11/01,19:00,9.33
11/11/01,19:30,9.33
11/11/01,20:00,9.33
11/11/01,20:30,9.33
11/11/01,21:00,9.17
11/11/01,21:30,9.33
11/11/01,22:00,9.33
11/11/01,22:30,9.48
11/11/01,23:00,9.33
11/11/01,23:30,9.17
11/12/01,0:00,9.17
11/12/01,0:30,9.17
11/12/01,1:00,9.17
11/12/01,1:30,9.17
11/12/01,2:00,9.33
11/12/01,2:30,9.17
11/12/01,3:00,9.17
11/12/01,3:30,9.17
11/12/01,4:00,9.17
11/12/01,4:30,9.17
11/12/01,5:00,9.17
11/12/01,5:30,9.17
11/12/01,6:00,9.17
11/12/01,6:30,9.17
11/12/01,7:00,9.17
11/12/01,7:30,9.17
11/12/01,8:00,9.17
11/12/01,8:30,9.17
11/12/01,9:00,9.33
11/12/01,9:30,9.33
11/12/01,10:00,9.33
11/12/01,10:30,9.33
11/12/01,11:00,9.33
11/12/01,11:30,9.17
11/12/01,12:00,9.17
11/12/01,12:30,9.17
11/12/01,13:00,9.17
11/12/01,13:30,9.17
11/12/01,14:00,9.17
11/12/01,14:30,9.17
11/12/01,15:00,9.17
11/12/01,15:30,9.02
11/12/01,16:00,9.02
11/12/01,16:30,9.02
11/12/01,17:00,9.02
11/12/01,17:30,9.02
11/12/01,18:00,9.02
11/12/01,18:30,9.02
11/12/01,19:00,9.02
11/12/01,19:30,9.02
11/12/01,20:00,9.17
11/12/01,20:30,9.02
11/12/01,21:00,9.02
11/12/01,21:30,9.02
11/12/01,22:00,9.02
11/12/01,22:30,9.02
11/12/01,23:00,9.02
11/12/01,23:30,9.02
11/13/01,0:00,9.02
11/13/01,0:30,9.02
11/13/01,1:00,9.02
11/13/01,1:30,9.02
11/13/01,2:00,9.02
11/13/01,2:30,9.02
11/13/01,3:00,9.02
11/13/01,3:30,9.02
11/13/01,4:00,8.86
11/13/01,4:30,8.86
11/13/01,5:00,8.86
11/13/01,5:30,8.86
11/13/01,6:00,8.86
11/13/01,6:30,8.86
11/13/01,7:00,8.86
11/13/01,7:30,8.86
11/13/01,8:00,8.86
11/13/01,8:30,8.86
11/13/01,9:00,8.86
11/13/01,9:30,8.86
11/13/01,10:00,8.86
11/13/01,10:30,8.86
11/13/01,11:00,9.02
11/13/01,11:30,9.02
11/13/01,12:00,8.86
11/13/01,12:30,9.02
11/13/01,13:00,9.02
11/13/01,13:30,9.02
11/13/01,14:00,8.86
11/13/01,14:30,8.86
11/13/01,15:00,8.86
11/13/01,15:30,8.86
11/13/01,16:00,8.86
11/13/01,16:30,8.86
11/13/01,17:00,8.86
11/13/01,17:30,8.86
11/13/01,18:00,8.86
11/13/01,18:30,8.86
11/13/01,19:00,8.86
11/13/01,19:30,8.86
11/13/01,20:00,8.86
11/13/01,20:30,8.86
11/13/01,21:00,8.86
11/13/01,21:30,8.86
11/13/01,22:00,8.86
11/13/01,22:30,8.86
11/13/01,23:00,8.86
11/13/01,23:30,8.86
11/14/01,0:00,8.86
11/14/01,0:30,8.71
11/14/01,1:00,8.86
11/14/01,1:30,8.86
11/14/01,2:00,8.86
11/14/01,2:30,8.86
11/14/01,3:00,8.86
11/14/01,3:30,8.86
11/14/01,4:00,8.86
11/14/01,4:30,8.86
11/14/01,5:00,8.86
11/14/01,5:30,8.86
11/14/01,6:00,8.86
11/14/01,6:30,8.86
11/14/01,7:00,8.86
11/14/01,7:30,8.86
11/14/01,8:00,8.86
11/14/01,8:30,8.86
11/14/01,9:00,8.86
11/14/01,9:30,8.86
11/14/01,10:00,8.71
11/14/01,10:30,8.86
11/14/01,11:00,8.86
11/14/01,11:30,8.86
11/14/01,12:00,9.02
11/14/01,12:30,9.02
11/14/01,13:00,9.02
11/14/01,13:30,9.02
11/14/01,14:00,9.02
11/14/01,14:30,9.02
11/14/01,15:00,8.86
11/14/01,15:30,8.86
11/14/01,16:00,8.86
11/14/01,16:30,8.86
11/14/01,17:00,8.86
11/14/01,17:30,8.86
11/14/01,18:00,8.86
11/14/01,18:30,8.86
11/14/01,19:00,8.86
11/14/01,19:30,8.86
11/14/01,20:00,8.86
11/14/01,20:30,8.86
11/14/01,21:00,8.86
11/14/01,21:30,8.86
11/14/01,22:00,8.86
11/14/01,22:30,8.86
11/14/01,23:00,8.86
11/14/01,23:30,8.86
11/15/01,0:00,8.86
11/15/01,0:30,8.86
11/15/01,1:00,8.86
11/15/01,1:30,8.86
11/15/01,2:00,8.86
11/15/01,2:30,8.86
11/15/01,3:00,8.86
11/15/01,3:30,8.86
11/15/01,4:00,8.86
11/15/01,4:30,8.86
11/15/01,5:00,8.86
11/15/01,5:30,8.86
11/15/01,6:00,8.86
11/15/01,6:30,8.86
11/15/01,7:00,8.86
11/15/01,7:30,8.86
11/15/01,8:00,8.86
11/15/01,8:30,8.86
11/15/01,9:00,8.86
11/15/01,9:30,8.71
11/15/01,10:00,8.71
11/15/01,10:30,8.86
11/15/01,11:00,8.86
11/15/01,11:30,8.86
11/15/01,12:00,8.86
11/15/01,12:30,8.86
11/15/01,13:00,8.86
11/15/01,13:30,8.86
11/15/01,14:00,9.02
11/15/01,14:30,9.02
11/15/01,15:00,8.86
11/15/01,15:30,8.86
11/15/01,16:00,8.86
11/15/01,16:30,8.86
11/15/01,17:00,8.86
11/15/01,17:30,8.86
11/15/01,18:00,8.86
11/15/01,18:30,8.86
11/15/01,19:00,8.86
11/15/01,19:30,8.86
11/15/01,20:00,8.86
11/15/01,20:30,8.86
11/15/01,21:00,8.86
11/15/01,21:30,8.86
11/15/01,22:00,8.71
11/15/01,22:30,8.71
11/15/01,23:00,8.86
11/15/01,23:30,8.86
11/16/01,0:00,8.86
11/16/01,0:30,8.86
11/16/01,1:00,8.86
11/16/01,1:30,8.86
11/16/01,2:00,8.86
11/16/01,2:30,8.86
11/16/01,3:00,8.86
11/16/01,3:30,8.86
11/16/01,4:00,8.86
11/16/01,4:30,8.86
11/16/01,5:00,8.86
11/16/01,5:30,8.86
11/16/01,6:00,8.86
11/16/01,6:30,8.86
11/16/01,7:00,8.86
11/16/01,7:30,8.86
11/16/01,8:00,8.86
11/16/01,8:30,8.86
11/16/01,9:00,8.86
11/16/01,9:30,8.86
11/16/01,10:00,8.86
11/16/01,10:30,8.86
11/16/01,11:00,8.86
11/16/01,11:30,8.86
11/16/01,12:00,8.86
11/16/01,12:30,9.02
11/16/01,13:00,9.02
11/16/01,13:30,9.02
11/16/01,14:00,9.02
11/16/01,14:30,9.02
11/16/01,15:00,9.02
11/16/01,15:30,8.86
11/16/01,16:00,8.86
11/16/01,16:30,8.86
11/16/01,17:00,8.86
11/16/01,17:30,8.86
11/16/01,18:00,8.86
11/16/01,18:30,8.86
11/16/01,19:00,8.86
11/16/01,19:30,8.86
11/16/01,20:00,8.86
11/16/01,20:30,8.86
11/16/01,21:00,8.86
11/16/01,21:30,8.86
11/16/01,22:00,8.86
11/16/01,22:30,8.86
11/16/01,23:00,8.86
11/16/01,23:30,8.86
11/17/01,0:00,8.86
11/17/01,0:30,8.86
11/17/01,1:00,8.86
11/17/01,1:30,8.86
11/17/01,2:00,8.86
11/17/01,2:30,8.86
11/17/01,3:00,8.86
11/17/01,3:30,8.86
11/17/01,4:00,8.86
11/17/01,4:30,8.86
11/17/01,5:00,8.86
11/17/01,5:30,8.86
11/17/01,6:00,8.86
11/17/01,6:30,8.86
11/17/01,7:00,8.86
11/17/01,7:30,8.86
11/17/01,8:00,8.86
11/17/01,8:30,8.86
11/17/01,9:00,8.86
11/17/01,9:30,8.86
11/17/01,10:00,8.86
11/17/01,10:30,8.86
11/17/01,11:00,8.86
11/17/01,11:30,8.86
11/17/01,12:00,8.86
11/17/01,12:30,8.86
11/17/01,13:00,8.86
11/17/01,13:30,8.86
11/17/01,14:00,8.86
11/17/01,14:30,8.86
11/17/01,15:00,8.86
11/17/01,15:30,8.86
11/17/01,16:00,8.86
11/17/01,16:30,8.86
11/17/01,17:00,8.86
11/17/01,17:30,8.86
11/17/01,18:00,8.71
11/17/01,18:30,8.86
11/17/01,19:00,8.86
11/17/01,19:30,8.71
11/17/01,20:00,8.86
11/17/01,20:30,8.86
11/17/01,21:00,8.86
11/17/01,21:30,8.86
11/17/01,22:00,8.86
11/17/01,22:30,8.86
11/17/01,23:00,8.86
11/17/01,23:30,8.86
11/18/01,0:00,8.86
11/18/01,0:30,8.86
11/18/01,1:00,8.71
11/18/01,1:30,8.71
11/18/01,2:00,8.71
11/18/01,2:30,8.71
11/18/01,3:00,8.71
11/18/01,3:30,8.71
11/18/01,4:00,8.71
11/18/01,4:30,8.71
11/18/01,5:00,8.71
11/18/01,5:30,8.71
11/18/01,6:00,8.71
11/18/01,6:30,8.71
11/18/01,7:00,8.71
11/18/01,7:30,8.71
11/18/01,8:00,8.71
11/18/01,8:30,8.71
11/18/01,9:00,8.71
11/18/01,9:30,8.71
11/18/01,10:00,8.71
11/18/01,10:30,8.71
11/18/01,11:00,8.71
11/18/01,11:30,8.71
11/18/01,12:00,8.71
11/18/01,12:30,8.71
11/18/01,13:00,8.71
11/18/01,13:30,8.71
11/18/01,14:00,8.86
11/18/01,14:30,8.71
11/18/01,15:00,8.86
11/18/01,15:30,8.86
11/18/01,16:00,8.71
11/18/01,16:30,8.71
11/18/01,17:00,8.71
11/18/01,17:30,8.71
11/18/01,18:00,8.71
11/18/01,18:30,8.71
11/18/01,19:00,8.71
11/18/01,19:30,8.71
11/18/01,20:00,8.71
11/18/01,20:30,8.71
11/18/01,21:00,8.71
11/18/01,21:30,8.71
11/18/01,22:00,8.71
11/18/01,22:30,8.71
11/18/01,23:00,8.71
11/18/01,23:30,8.71
11/19/01,0:00,8.71
11/19/01,0:30,8.71
11/19/01,1:00,8.71
11/19/01,1:30,8.56
11/19/01,2:00,8.56
11/19/01,2:30,8.56
11/19/01,3:00,8.56
11/19/01,3:30,8.56
11/19/01,4:00,8.56
11/19/01,4:30,8.56
11/19/01,5:00,8.56
11/19/01,5:30,8.56
11/19/01,6:00,8.56
11/19/01,6:30,8.56
11/19/01,7:00,8.56
11/19/01,7:30,8.56
11/19/01,8:00,8.56
11/19/01,8:30,8.56
11/19/01,9:00,8.56
11/19/01,9:30,8.56
11/19/01,10:00,8.56
11/19/01,10:30,8.56
11/19/01,11:00,8.56
11/19/01,11:30,8.56
11/19/01,12:00,8.71
11/19/01,12:30,8.71
11/19/01,13:00,8.71
11/19/01,13:30,8.71
11/19/01,14:00,8.71
11/19/01,14:30,8.71
11/19/01,15:00,8.71
11/19/01,15:30,8.71
11/19/01,16:00,8.71
11/19/01,16:30,8.71
11/19/01,17:00,8.56
11/19/01,17:30,8.56
11/19/01,18:00,8.56
11/19/01,18:30,8.56
11/19/01,19:00,8.56
11/19/01,19:30,8.56
11/19/01,20:00,8.56
11/19/01,20:30,8.56
11/19/01,21:00,8.71
11/19/01,21:30,8.86
11/19/01,22:00,8.86
11/19/01,22:30,8.86
11/19/01,23:00,9.02
11/19/01,23:30,9.02
11/20/01,0:00,9.02
11/20/01,0:30,9.02
11/20/01,1:00,8.86
11/20/01,1:30,8.86
11/20/01,2:00,9.02
11/20/01,2:30,9.02
11/20/01,3:00,9.02
11/20/01,3:30,9.02
11/20/01,4:00,9.02
11/20/01,4:30,9.02
11/20/01,5:00,9.02
11/20/01,5:30,9.02
11/20/01,6:00,9.02
11/20/01,6:30,9.02
11/20/01,7:00,9.02
11/20/01,7:30,9.02
11/20/01,8:00,9.02
11/20/01,8:30,9.02
11/20/01,9:00,8.86
11/20/01,9:30,9.02
11/20/01,10:00,8.86
11/20/01,10:30,8.86
11/20/01,11:00,8.71
11/20/01,11:30,8.71
11/20/01,12:00,8.71
11/20/01,12:30,8.71
11/20/01,13:00,8.71
11/20/01,13:30,8.86
11/20/01,14:00,8.86
11/20/01,14:30,9.02
11/20/01,15:00,9.17
11/20/01,15:30,9.17
11/20/01,16:00,9.17
11/20/01,16:30,9.17
11/20/01,17:00,9.17
11/20/01,17:30,9.17
11/20/01,18:00,9.17
11/20/01,18:30,9.17
11/20/01,19:00,9.17
11/20/01,19:30,9.17
11/20/01,20:00,9.17
11/20/01,20:30,9.17
11/20/01,21:00,9.17
11/20/01,21:30,9.17
11/20/01,22:00,9.17
11/20/01,22:30,9.17
11/20/01,23:00,9.17
11/20/01,23:30,9.17
11/21/01,0:00,9.02
11/21/01,0:30,9.17
11/21/01,1:00,9.17
11/21/01,1:30,9.02
11/21/01,2:00,8.86
11/21/01,2:30,9.02
11/21/01,3:00,9.02
11/21/01,3:30,9.02
11/21/01,4:00,9.02
11/21/01,4:30,9.02
11/21/01,5:00,8.71
11/21/01,5:30,8.71
11/21/01,6:00,8.71
11/21/01,6:30,8.56
11/21/01,7:00,8.56
11/21/01,7:30,8.56
11/21/01,8:00,8.56
11/21/01,8:30,8.56
11/21/01,9:00,8.56
11/21/01,9:30,8.56
11/21/01,10:00,8.56
11/21/01,10:30,8.56
11/21/01,11:00,8.56
11/21/01,11:30,8.56
11/21/01,12:00,8.56
11/21/01,12:30,8.71
11/21/01,13:00,8.71
11/21/01,13:30,8.71
11/21/01,14:00,8.86
11/21/01,14:30,8.86
11/21/01,15:00,9.02
11/21/01,15:30,9.02
11/21/01,16:00,9.02
11/21/01,16:30,9.02
11/21/01,17:00,9.02
11/21/01,17:30,9.02
11/21/01,18:00,9.02
11/21/01,18:30,9.02
11/21/01,19:00,9.02
11/21/01,19:30,8.86
11/21/01,20:00,8.86
11/21/01,20:30,8.71
11/21/01,21:00,8.56
11/21/01,21:30,8.56
11/21/01,22:00,8.56
11/21/01,22:30,8.56
11/21/01,23:00,8.56
11/21/01,23:30,8.56
11/22/01,0:00,8.56
11/22/01,0:30,8.56
11/22/01,1:00,8.56
11/22/01,1:30,8.56
11/22/01,2:00,8.56
11/22/01,2:30,8.56
11/22/01,3:00,8.56
11/22/01,3:30,8.56
11/22/01,4:00,8.56
11/22/01,4:30,8.56
11/22/01,5:00,8.56
11/22/01,5:30,8.56
11/22/01,6:00,8.56
11/22/01,6:30,8.4
11/22/01,7:00,8.4
11/22/01,7:30,8.4
11/22/01,8:00,8.4
11/22/01,8:30,8.4
11/22/01,9:00,8.4
11/22/01,9:30,8.4
11/22/01,10:00,8.4
11/22/01,10:30,8.4
11/22/01,11:00,8.4
11/22/01,11:30,8.4
11/22/01,12:00,8.4
11/22/01,12:30,8.4
11/22/01,13:00,8.4
11/22/01,13:30,8.4
11/22/01,14:00,8.4
11/22/01,14:30,8.4
11/22/01,15:00,8.4
11/22/01,15:30,8.4
11/22/01,16:00,8.56
11/22/01,16:30,8.56
11/22/01,17:00,8.4
11/22/01,17:30,8.56
11/22/01,18:00,8.56
11/22/01,18:30,8.56
11/22/01,19:00,8.56
11/22/01,19:30,8.56
11/22/01,20:00,8.71
11/22/01,20:30,8.71
11/22/01,21:00,8.71
11/22/01,21:30,8.71
11/22/01,22:00,8.71
11/22/01,22:30,8.71
11/22/01,23:00,8.71
11/22/01,23:30,8.71
11/23/01,0:00,8.71
11/23/01,0:30,8.71
11/23/01,1:00,8.71
11/23/01,1:30,8.71
11/23/01,2:00,8.71
11/23/01,2:30,8.71
11/23/01,3:00,8.71
11/23/01,3:30,8.56
11/23/01,4:00,8.56
11/23/01,4:30,8.56
11/23/01,5:00,8.56
11/23/01,5:30,8.56
11/23/01,6:00,8.71
11/23/01,6:30,8.71
11/23/01,7:00,8.71
11/23/01,7:30,8.71
11/23/01,8:00,8.71
11/23/01,8:30,8.86
11/23/01,9:00,8.86
11/23/01,9:30,8.86
11/23/01,10:00,8.86
11/23/01,10:30,9.02
11/23/01,11:00,9.02
11/23/01,11:30,9.02
11/23/01,12:00,9.02
11/23/01,12:30,9.17
11/23/01,13:00,9.02
11/23/01,13:30,9.02
11/23/01,14:00,9.02
11/23/01,14:30,9.02
11/23/01,15:00,9.17
11/23/01,15:30,9.17
11/23/01,16:00,9.17
11/23/01,16:30,9.17
11/23/01,17:00,9.17
11/23/01,17:30,9.17
11/23/01,18:00,9.17
11/23/01,18:30,9.17
11/23/01,19:00,9.17
11/23/01,19:30,9.17
11/23/01,20:00,9.17
11/23/01,20:30,9.17
11/23/01,21:00,9.17
11/23/01,21:30,9.02
11/23/01,22:00,8.86
11/23/01,22:30,8.86
11/23/01,23:00,8.86
11/23/01,23:30,8.86
11/24/01,0:00,8.86
11/24/01,0:30,8.86
11/24/01,1:00,8.86
11/24/01,1:30,8.86
11/24/01,2:00,8.86
11/24/01,2:30,8.86
11/24/01,3:00,8.86
11/24/01,3:30,8.86
11/24/01,4:00,8.86
11/24/01,4:30,8.86
11/24/01,5:00,8.86
11/24/01,5:30,8.86
11/24/01,6:00,8.86
11/24/01,6:30,8.71
11/24/01,7:00,8.71
11/24/01,7:30,8.71
11/24/01,8:00,8.71
11/24/01,8:30,8.71
11/24/01,9:00,8.71
11/24/01,9:30,8.71
11/24/01,10:00,8.71
11/24/01,10:30,8.71
11/24/01,11:00,8.71
11/24/01,11:30,8.71
11/24/01,12:00,8.71
11/24/01,12:30,8.71
11/24/01,13:00,8.71
11/24/01,13:30,8.71
11/24/01,14:00,8.71
11/24/01,14:30,8.71
11/24/01,15:00,8.71
11/24/01,15:30,8.71
11/24/01,16:00,8.71
11/24/01,16:30,8.71
11/24/01,17:00,8.56
11/24/01,17:30,8.56
11/24/01,18:00,8.56
11/24/01,18:30,8.56
11/24/01,19:00,8.56
11/24/01,19:30,8.71
11/24/01,20:00,8.71
11/24/01,20:30,8.56
11/24/01,21:00,8.71
11/24/01,21:30,8.71
11/24/01,22:00,8.71
11/24/01,22:30,8.56
11/24/01,23:00,8.56
11/24/01,23:30,8.56
11/25/01,0:00,8.56
11/25/01,0:30,8.56
11/25/01,1:00,8.56
11/25/01,1:30,8.56
11/25/01,2:00,8.56
11/25/01,2:30,8.56
11/25/01,3:00,8.56
11/25/01,3:30,8.56
11/25/01,4:00,8.56
11/25/01,4:30,8.56
11/25/01,5:00,8.56
11/25/01,5:30,8.56
11/25/01,6:00,8.56
11/25/01,6:30,8.56
11/25/01,7:00,8.56
11/25/01,7:30,8.56
11/25/01,8:00,8.56
11/25/01,8:30,8.56
11/25/01,9:00,8.56
11/25/01,9:30,8.71
11/25/01,10:00,8.71
11/25/01,10:30,8.71
11/25/01,11:00,8.71
11/25/01,11:30,8.86
11/25/01,12:00,8.71
11/25/01,12:30,8.86
11/25/01,13:00,8.86
11/25/01,13:30,8.86
11/25/01,14:00,8.86
11/25/01,14:30,8.86
11/25/01,15:00,8.86
11/25/01,15:30,8.86
11/25/01,16:00,8.86
11/25/01,16:30,8.86
11/25/01,17:00,8.86
11/25/01,17:30,8.86
11/25/01,18:00,8.86
11/25/01,18:30,8.86
11/25/01,19:00,8.86
11/25/01,19:30,8.86
11/25/01,20:00,8.86
11/25/01,20:30,8.86
11/25/01,21:00,8.86
11/25/01,21:30,8.86
11/25/01,22:00,8.86
11/25/01,22:30,8.86
11/25/01,23:00,8.86
11/25/01,23:30,8.86
11/26/01,0:00,8.86
11/26/01,0:30,8.86
11/26/01,1:00,8.86
11/26/01,1:30,8.86
11/26/01,2:00,8.86
11/26/01,2:30,8.71
11/26/01,3:00,8.86
11/26/01,3:30,8.71
11/26/01,4:00,8.86
11/26/01,4:30,8.86
11/26/01,5:00,8.86
11/26/01,5:30,8.86
11/26/01,6:00,8.86
11/26/01,6:30,8.71
11/26/01,7:00,8.56
11/26/01,7:30,8.56
11/26/01,8:00,8.56
11/26/01,8:30,8.71
11/26/01,9:00,8.71
11/26/01,9:30,8.71
11/26/01,10:00,8.56
11/26/01,10:30,8.71
11/26/01,11:00,8.71
11/26/01,11:30,8.56
11/26/01,12:00,8.71
11/26/01,12:30,8.56
11/26/01,13:00,8.56
11/26/01,13:30,8.71
11/26/01,14:00,8.71
11/26/01,14:30,8.71
11/26/01,15:00,8.71
11/26/01,15:30,8.71
11/26/01,16:00,8.71
11/26/01,16:30,8.71
11/26/01,17:00,8.71
11/26/01,17:30,8.71
11/26/01,18:00,8.71
11/26/01,18:30,8.71
11/26/01,19:00,8.71
11/26/01,19:30,8.71
11/26/01,20:00,8.71
11/26/01,20:30,8.86
11/26/01,21:00,8.86
11/26/01,21:30,8.86
11/26/01,22:00,8.71
11/26/01,22:30,8.86
11/26/01,23:00,8.86
11/26/01,23:30,8.86
11/27/01,0:00,8.86
11/27/01,0:30,8.86
11/27/01,1:00,8.71
11/27/01,1:30,8.86
11/27/01,2:00,8.86
11/27/01,2:30,8.71
11/27/01,3:00,8.71
11/27/01,3:30,8.86
11/27/01,4:00,8.86
11/27/01,4:30,8.86
11/27/01,5:00,8.86
11/27/01,5:30,8.86
11/27/01,6:00,8.71
11/27/01,6:30,8.71
11/27/01,7:00,8.71
11/27/01,7:30,8.56
11/27/01,8:00,8.71
11/27/01,8:30,8.71
11/27/01,9:00,8.71
11/27/01,9:30,8.71
11/27/01,10:00,8.86
11/27/01,10:30,8.71
11/27/01,11:00,8.71
11/27/01,11:30,8.71
11/27/01,12:00,8.71
11/27/01,12:30,8.86
11/27/01,13:00,9.02
11/27/01,13:30,9.02
11/27/01,14:00,9.02
11/27/01,14:30,9.02
11/27/01,15:00,8.86
11/27/01,15:30,9.17
11/27/01,16:00,9.17
11/27/01,16:30,9.02
11/27/01,17:00,9.02
11/27/01,17:30,9.02
11/27/01,18:00,9.02
11/27/01,18:30,9.17
11/27/01,19:00,9.02
11/27/01,19:30,9.02
11/27/01,20:00,9.02
11/27/01,20:30,8.71
11/27/01,21:00,8.71
11/27/01,21:30,8.71
11/27/01,22:00,9.02
11/27/01,22:30,9.02
11/27/01,23:00,9.02
11/27/01,23:30,8.86
11/28/01,0:00,8.86
11/28/01,0:30,8.86
11/28/01,1:00,8.86
11/28/01,1:30,8.86
11/28/01,2:00,8.86
11/28/01,2:30,8.71
11/28/01,3:00,8.71
11/28/01,3:30,8.86
11/28/01,4:00,8.71
11/28/01,4:30,8.71
11/28/01,5:00,8.86
11/28/01,5:30,8.86
11/28/01,6:00,8.86
11/28/01,6:30,8.71
11/28/01,7:00,8.71
11/28/01,7:30,8.86
11/28/01,8:00,8.71
11/28/01,8:30,8.71
11/28/01,9:00,8.71
11/28/01,9:30,8.71
11/28/01,10:00,8.86
11/28/01,10:30,8.71
11/28/01,11:00,8.71
11/28/01,11:30,8.71
11/28/01,12:00,8.71
11/28/01,12:30,8.86
11/28/01,13:00,8.71
11/28/01,13:30,8.71
11/28/01,14:00,8.71
11/28/01,14:30,8.71
11/28/01,15:00,8.71
11/28/01,15:30,8.71
11/28/01,16:00,8.71
11/28/01,16:30,8.71
11/28/01,17:00,8.86
11/28/01,17:30,8.86
11/28/01,18:00,8.86
11/28/01,18:30,8.86
11/28/01,19:00,8.86
11/28/01,19:30,8.86
11/28/01,20:00,8.86
11/28/01,20:30,8.86
11/28/01,21:00,8.86
11/28/01,21:30,8.86
11/28/01,22:00,8.86
11/28/01,22:30,8.86
11/28/01,23:00,8.86
11/28/01,23:30,8.86
11/29/01,0:00,8.86
11/29/01,0:30,8.86
11/29/01,1:00,8.86
11/29/01,1:30,8.86
11/29/01,2:00,8.86
11/29/01,2:30,8.71
11/29/01,3:00,8.86
11/29/01,3:30,8.86
11/29/01,4:00,8.86
11/29/01,4:30,8.86
11/29/01,5:00,8.71
11/29/01,5:30,8.71
11/29/01,6:00,8.86
11/29/01,6:30,8.86
11/29/01,7:00,8.71
11/29/01,7:30,8.86
11/29/01,8:00,8.86
11/29/01,8:30,8.86
11/29/01,9:00,8.86
11/29/01,9:30,8.86
11/29/01,10:00,8.86
11/29/01,10:30,8.86
11/29/01,11:00,8.86
11/29/01,11:30,8.86
11/29/01,12:00,8.86
11/29/01,12:30,8.86
11/29/01,13:00,8.86
11/29/01,13:30,8.86
11/29/01,14:00,8.86
11/29/01,14:30,8.86
11/29/01,15:00,8.86
11/29/01,15:30,8.86
11/29/01,16:00,8.86
11/29/01,16:30,8.86
11/29/01,17:00,8.86
11/29/01,17:30,8.86
11/29/01,18:00,8.71
11/29/01,18:30,8.71
11/29/01,19:00,8.71
11/29/01,19:30,8.71
11/29/01,20:00,8.71
11/29/01,20:30,8.71
11/29/01,21:00,8.71
11/29/01,21:30,8.71
11/29/01,22:00,8.71
11/29/01,22:30,8.71
11/29/01,23:00,8.86
11/29/01,23:30,8.71
11/30/01,0:00,8.71
11/30/01,0:30,8.71
11/30/01,1:00,8.71
11/30/01,1:30,8.71
11/30/01,2:00,8.71
11/30/01,2:30,8.71
11/30/01,3:00,8.71
11/30/01,3:30,8.71
11/30/01,4:00,8.71
11/30/01,4:30,8.71
11/30/01,5:00,8.71
11/30/01,5:30,8.71
11/30/01,6:00,8.71
11/30/01,6:30,8.71
11/30/01,7:00,8.71
11/30/01,7:30,8.71
11/30/01,8:00,8.71
11/30/01,8:30,8.71
11/30/01,9:00,8.71
11/30/01,9:30,8.71
11/30/01,10:00,8.71
11/30/01,10:30,8.71
11/30/01,11:00,8.71
11/30/01,11:30,8.71
11/30/01,12:00,8.71
11/30/01,12:30,8.71
11/30/01,13:00,8.71
11/30/01,13:30,8.71
11/30/01,14:00,8.71
11/30/01,14:30,8.86
11/30/01,15:00,8.86
11/30/01,15:30,8.86
11/30/01,16:00,8.86
11/30/01,16:30,8.71
11/30/01,17:00,8.71
11/30/01,17:30,8.71
11/30/01,18:00,8.71
11/30/01,18:30,8.71
11/30/01,19:00,8.71
11/30/01,19:30,8.71
11/30/01,20:00,8.71
11/30/01,20:30,8.71
11/30/01,21:00,8.71
11/30/01,21:30,8.71
11/30/01,22:00,8.71
11/30/01,22:30,8.86
11/30/01,23:00,8.71
11/30/01,23:30,8.86
12/1/01,0:00,8.86
12/1/01,0:30,8.86
12/1/01,1:00,8.86
12/1/01,1:30,8.86
12/1/01,2:00,8.86
12/1/01,2:30,8.86
12/1/01,3:00,8.86
12/1/01,3:30,8.86
12/1/01,4:00,8.71
12/1/01,4:30,8.71
12/1/01,5:00,8.71
12/1/01,5:30,8.71
12/1/01,6:00,8.71
12/1/01,6:30,8.71
12/1/01,7:00,8.71
12/1/01,7:30,8.71
12/1/01,8:00,8.71
12/1/01,8:30,8.71
12/1/01,9:00,8.71
12/1/01,9:30,8.71
12/1/01,10:00,8.71
12/1/01,10:30,8.71
12/1/01,11:00,8.86
12/1/01,11:30,8.86
12/1/01,12:00,8.86
12/1/01,12:30,8.71
12/1/01,13:00,9.02
12/1/01,13:30,8.86
12/1/01,14:00,8.86
12/1/01,14:30,8.86
12/1/01,15:00,9.02
12/1/01,15:30,9.02
12/1/01,16:00,8.86
12/1/01,16:30,8.86
12/1/01,17:00,8.86
12/1/01,17:30,8.86
12/1/01,18:00,8.86
12/1/01,18:30,8.86
12/1/01,19:00,8.86
12/1/01,19:30,8.71
12/1/01,20:00,8.71
12/1/01,20:30,8.71
12/1/01,21:00,8.71
12/1/01,21:30,8.71
12/1/01,22:00,8.71
12/1/01,22:30,8.71
12/1/01,23:00,8.71
12/1/01,23:30,8.71
12/2/01,0:00,8.71
12/2/01,0:30,8.71
12/2/01,1:00,8.71
12/2/01,1:30,8.71
12/2/01,2:00,8.86
12/2/01,2:30,8.86
12/2/01,3:00,8.71
12/2/01,3:30,8.71
12/2/01,4:00,8.86
12/2/01,4:30,8.71
12/2/01,5:00,8.86
12/2/01,5:30,8.86
12/2/01,6:00,8.86
12/2/01,6:30,8.71
12/2/01,7:00,8.71
12/2/01,7:30,8.71
12/2/01,8:00,8.71
12/2/01,8:30,8.71
12/2/01,9:00,8.71
12/2/01,9:30,8.71
12/2/01,10:00,8.71
12/2/01,10:30,8.71
12/2/01,11:00,8.71
12/2/01,11:30,8.71
12/2/01,12:00,8.71
12/2/01,12:30,8.71
12/2/01,13:00,8.71
12/2/01,13:30,8.86
12/2/01,14:00,8.86
12/2/01,14:30,8.86
12/2/01,15:00,8.86
12/2/01,15:30,8.86
12/2/01,16:00,8.86
12/2/01,16:30,8.86
12/2/01,17:00,8.71
12/2/01,17:30,8.71
12/2/01,18:00,8.71
12/2/01,18:30,8.71
12/2/01,19:00,8.71
12/2/01,19:30,8.71
12/2/01,20:00,8.71
12/2/01,20:30,8.71
12/2/01,21:00,8.71
12/2/01,21:30,8.71
12/2/01,22:00,8.71
12/2/01,22:30,8.71
12/2/01,23:00,8.71
12/2/01,23:30,8.71
12/3/01,0:00,8.71
12/3/01,0:30,8.71
12/3/01,1:00,8.71
12/3/01,1:30,8.71
12/3/01,2:00,8.71
12/3/01,2:30,8.71
12/3/01,3:00,8.71
12/3/01,3:30,8.71
12/3/01,4:00,8.71
12/3/01,4:30,8.71
12/3/01,5:00,8.71
12/3/01,5:30,8.71
12/3/01,6:00,8.71
12/3/01,6:30,8.71
12/3/01,7:00,8.71
12/3/01,7:30,8.56
12/3/01,8:00,8.56
12/3/01,8:30,8.56
12/3/01,9:00,8.71
12/3/01,9:30,8.71
12/3/01,10:00,8.71
12/3/01,10:30,8.56
12/3/01,11:00,8.71
12/3/01,11:30,8.71
12/3/01,12:00,8.56
12/3/01,12:30,8.71
12/3/01,13:00,8.71
12/3/01,13:30,8.71
12/3/01,14:00,8.71
12/3/01,14:30,8.71
12/3/01,15:00,8.71
12/3/01,15:30,8.71
12/3/01,16:00,8.71
12/3/01,16:30,8.71
12/3/01,17:00,8.56
12/3/01,17:30,8.71
12/3/01,18:00,8.56
12/3/01,18:30,8.56
12/3/01,19:00,8.56
12/3/01,19:30,8.56
12/3/01,20:00,8.56
12/3/01,20:30,8.56
12/3/01,21:00,8.56
12/3/01,21:30,8.56
12/3/01,22:00,8.56
12/3/01,22:30,8.56
12/3/01,23:00,8.56
12/3/01,23:30,8.56
12/4/01,0:00,8.56
12/4/01,0:30,8.56
12/4/01,1:00,8.56
12/4/01,1:30,8.56
12/4/01,2:00,8.56
12/4/01,2:30,8.56
12/4/01,3:00,8.56
12/4/01,3:30,8.56
12/4/01,4:00,8.56
12/4/01,4:30,8.56
12/4/01,5:00,8.56
12/4/01,5:30,8.56
12/4/01,6:00,8.56
12/4/01,6:30,8.56
12/4/01,7:00,8.56
12/4/01,7:30,8.56
12/4/01,8:00,8.56
12/4/01,8:30,8.56
12/4/01,9:00,8.56
12/4/01,9:30,8.56
12/4/01,10:00,8.56
12/4/01,10:30,8.56
12/4/01,11:00,8.56
12/4/01,11:30,8.56
12/4/01,12:00,8.56
12/4/01,12:30,8.56
12/4/01,13:00,8.56
12/4/01,13:30,8.56
12/4/01,14:00,8.56
12/4/01,14:30,8.56
12/4/01,15:00,8.56
12/4/01,15:30,8.56
12/4/01,16:00,8.56
12/4/01,16:30,8.56
12/4/01,17:00,8.71
12/4/01,17:30,8.71
12/4/01,18:00,8.56
12/4/01,18:30,8.56
12/4/01,19:00,8.56
12/4/01,19:30,8.56
12/4/01,20:00,8.56
12/4/01,20:30,8.56
12/4/01,21:00,8.56
12/4/01,21:30,8.56
12/4/01,22:00,8.56
12/4/01,22:30,8.56
12/4/01,23:00,8.56
12/4/01,23:30,8.56
12/5/01,0:00,8.56
12/5/01,0:30,8.56
12/5/01,1:00,8.56
12/5/01,1:30,8.56
12/5/01,2:00,8.56
12/5/01,2:30,8.56
12/5/01,3:00,8.56
12/5/01,3:30,8.56
12/5/01,4:00,8.56
12/5/01,4:30,8.56
12/5/01,5:00,8.4
12/5/01,5:30,8.4
12/5/01,6:00,8.4
12/5/01,6:30,8.4
12/5/01,7:00,8.4
12/5/01,7:30,8.4
12/5/01,8:00,8.4
12/5/01,8:30,8.56
12/5/01,9:00,8.56
12/5/01,9:30,8.56
12/5/01,10:00,8.56
12/5/01,10:30,8.56
12/5/01,11:00,8.56
12/5/01,11:30,8.56
12/5/01,12:00,8.56
12/5/01,12:30,8.56
12/5/01,13:00,8.56
12/5/01,13:30,8.56
12/5/01,14:00,8.56
12/5/01,14:30,8.56
12/5/01,15:00,8.56
12/5/01,15:30,8.56
12/5/01,16:00,8.56
12/5/01,16:30,8.56
12/5/01,17:00,8.56
12/5/01,17:30,8.56
12/5/01,18:00,8.56
12/5/01,18:30,8.71
12/5/01,19:00,8.56
12/5/01,19:30,8.71
12/5/01,20:00,8.71
12/5/01,20:30,8.71
12/5/01,21:00,8.56
12/5/01,21:30,8.71
12/5/01,22:00,8.71
12/5/01,22:30,8.71
12/5/01,23:00,8.56
12/5/01,23:30,8.56
12/6/01,0:00,8.56
12/6/01,0:30,8.56
12/6/01,1:00,8.56
12/6/01,1:30,8.56
12/6/01,2:00,8.56
12/6/01,2:30,8.56
12/6/01,3:00,8.56
12/6/01,3:30,8.56
12/6/01,4:00,8.56
12/6/01,4:30,8.56
12/6/01,5:00,8.56
12/6/01,5:30,8.56
12/6/01,6:00,8.56
12/6/01,6:30,8.56
12/6/01,7:00,8.56
12/6/01,7:30,8.56
12/6/01,8:00,8.56
12/6/01,8:30,8.56
12/6/01,9:00,8.56
12/6/01,9:30,8.56
12/6/01,10:00,8.56
12/6/01,10:30,8.56
12/6/01,11:00,8.56
12/6/01,11:30,8.56
12/6/01,12:00,8.56
12/6/01,12:30,8.56
12/6/01,13:00,8.71
12/6/01,13:30,8.56
12/6/01,14:00,8.56
12/6/01,14:30,8.56
12/6/01,15:00,8.56
12/6/01,15:30,8.71
12/6/01,16:00,8.56
12/6/01,16:30,8.56
12/6/01,17:00,8.56
12/6/01,17:30,8.56
12/6/01,18:00,8.71
12/6/01,18:30,8.71
12/6/01,19:00,8.71
12/6/01,19:30,8.71
12/6/01,20:00,8.71
12/6/01,20:30,8.71
12/6/01,21:00,8.71
12/6/01,21:30,8.71
12/6/01,22:00,8.71
12/6/01,22:30,8.71
12/6/01,23:00,8.71
12/6/01,23:30,8.71
12/7/01,0:00,8.71
12/7/01,0:30,8.71
12/7/01,1:00,8.71
12/7/01,1:30,8.71
12/7/01,2:00,8.71
12/7/01,2:30,8.71
12/7/01,3:00,8.71
12/7/01,3:30,8.71
12/7/01,4:00,8.71
12/7/01,4:30,8.71
12/7/01,5:00,8.71
12/7/01,5:30,8.71
12/7/01,6:00,8.71
12/7/01,6:30,8.71
12/7/01,7:00,8.56
12/7/01,7:30,8.56
12/7/01,8:00,8.56
12/7/01,8:30,8.56
12/7/01,9:00,8.71
12/7/01,9:30,8.71
12/7/01,10:00,8.71
12/7/01,10:30,8.56
12/7/01,11:00,8.56
12/7/01,11:30,8.56
12/7/01,12:00,8.71
12/7/01,12:30,8.71
12/7/01,13:00,8.71
12/7/01,13:30,8.71
12/7/01,14:00,8.71
12/7/01,14:30,8.71
12/7/01,15:00,8.71
12/7/01,15:30,8.71
12/7/01,16:00,8.71
12/7/01,16:30,8.71
12/7/01,17:00,8.71
12/7/01,17:30,8.71
12/7/01,18:00,8.71
12/7/01,18:30,8.71
12/7/01,19:00,8.71
12/7/01,19:30,8.56
12/7/01,20:00,8.56
12/7/01,20:30,8.56
12/7/01,21:00,8.56
12/7/01,21:30,8.56
12/7/01,22:00,8.56
12/7/01,22:30,8.56
12/7/01,23:00,8.56
12/7/01,23:30,8.56
12/8/01,0:00,8.56
12/8/01,0:30,8.71
12/8/01,1:00,8.71
12/8/01,1:30,8.71
12/8/01,2:00,8.71
12/8/01,2:30,8.71
12/8/01,3:00,8.56
12/8/01,3:30,8.56
12/8/01,4:00,8.56
12/8/01,4:30,8.56
12/8/01,5:00,8.56
12/8/01,5:30,8.4
12/8/01,6:00,8.4
12/8/01,6:30,8.4
12/8/01,7:00,8.4
12/8/01,7:30,8.4
12/8/01,8:00,8.4
12/8/01,8:30,8.4
12/8/01,9:00,8.56
12/8/01,9:30,8.4
12/8/01,10:00,8.4
12/8/01,10:30,8.4
12/8/01,11:00,8.56
12/8/01,11:30,8.4
12/8/01,12:00,8.4
12/8/01,12:30,8.4
12/8/01,13:00,8.4
12/8/01,13:30,8.4
12/8/01,14:00,8.4
12/8/01,14:30,8.4
12/8/01,15:00,8.4
12/8/01,15:30,8.4
12/8/01,16:00,8.4
12/8/01,16:30,8.4
12/8/01,17:00,8.4
12/8/01,17:30,8.56
12/8/01,18:00,8.4
12/8/01,18:30,8.56
12/8/01,19:00,8.56
12/8/01,19:30,8.4
12/8/01,20:00,8.4
12/8/01,20:30,8.4
12/8/01,21:00,8.4
12/8/01,21:30,8.4
12/8/01,22:00,8.4
12/8/01,22:30,8.4
12/8/01,23:00,8.4
12/8/01,23:30,8.4
12/9/01,0:00,8.25
12/9/01,0:30,8.4
12/9/01,1:00,8.4
12/9/01,1:30,8.25
12/9/01,2:00,8.25
12/9/01,2:30,8.25
12/9/01,3:00,8.25
12/9/01,3:30,8.25
12/9/01,4:00,8.4
12/9/01,4:30,8.4
12/9/01,5:00,8.4
12/9/01,5:30,8.25
12/9/01,6:00,8.25
12/9/01,6:30,8.25
12/9/01,7:00,8.4
12/9/01,7:30,8.4
12/9/01,8:00,8.25
12/9/01,8:30,8.4
12/9/01,9:00,8.4
12/9/01,9:30,8.25
12/9/01,10:00,8.4
12/9/01,10:30,8.25
12/9/01,11:00,8.25
12/9/01,11:30,8.25
12/9/01,12:00,8.25
12/9/01,12:30,8.25
12/9/01,13:00,8.25
12/9/01,13:30,8.25
12/9/01,14:00,8.4
12/9/01,14:30,8.4
12/9/01,15:00,8.4
12/9/01,15:30,8.25
12/9/01,16:00,8.4
12/9/01,16:30,8.4
12/9/01,17:00,8.25
12/9/01,17:30,8.4
12/9/01,18:00,8.4
12/9/01,18:30,8.4
12/9/01,19:00,8.25
12/9/01,19:30,8.25
12/9/01,20:00,8.4
12/9/01,20:30,8.4
12/9/01,21:00,8.25
12/9/01,21:30,8.25
12/9/01,22:00,8.25
12/9/01,22:30,8.4
12/9/01,23:00,8.25
12/9/01,23:30,8.25
12/10/01,0:00,8.25
12/10/01,0:30,8.25
12/10/01,1:00,8.25
12/10/01,1:30,8.09
12/10/01,2:00,8.09
12/10/01,2:30,8.25
12/10/01,3:00,8.09
12/10/01,3:30,8.25
12/10/01,4:00,8.25
12/10/01,4:30,8.25
12/10/01,5:00,8.25
12/10/01,5:30,8.09
12/10/01,6:00,8.09
12/10/01,6:30,8.09
12/10/01,7:00,8.09
12/10/01,7:30,8.09
12/10/01,8:00,8.09
12/10/01,8:30,8.09
12/10/01,9:00,8.09
12/10/01,9:30,8.09
12/10/01,10:00,8.09
12/10/01,10:30,8.25
12/10/01,11:00,8.09
12/10/01,11:30,8.09
12/10/01,12:00,8.09
12/10/01,12:30,8.09
12/10/01,13:00,8.09
12/10/01,13:30,8.09
12/10/01,14:00,8.09
12/10/01,14:30,8.09
12/10/01,15:00,8.09
12/10/01,15:30,8.09
12/10/01,16:00,8.09
12/10/01,16:30,8.09
12/10/01,17:00,8.25
12/10/01,17:30,8.25
12/10/01,18:00,8.25
12/10/01,18:30,8.25
12/10/01,19:00,8.25
12/10/01,19:30,8.25
12/10/01,20:00,8.25
12/10/01,20:30,8.25
12/10/01,21:00,8.25
12/10/01,21:30,8.25
12/10/01,22:00,8.25
12/10/01,22:30,8.25
12/10/01,23:00,8.09
12/10/01,23:30,8.09
12/11/01,0:00,8.09
12/11/01,0:30,8.09
12/11/01,1:00,8.25
12/11/01,1:30,8.25
12/11/01,2:00,8.25
12/11/01,2:30,8.25
12/11/01,3:00,8.25
12/11/01,3:30,8.4
12/11/01,4:00,8.25
12/11/01,4:30,8.25
12/11/01,5:00,8.4
12/11/01,5:30,8.25
12/11/01,6:00,8.09
12/11/01,6:30,8.25
12/11/01,7:00,8.09
12/11/01,7:30,8.25
12/11/01,8:00,8.25
12/11/01,8:30,8.09
12/11/01,9:00,8.09
12/11/01,9:30,8.09
12/11/01,10:00,8.09
12/11/01,10:30,8.09
12/11/01,11:00,8.09
12/11/01,11:30,8.09
12/11/01,12:00,8.09
12/11/01,12:30,8.09
12/11/01,13:00,8.09
12/11/01,13:30,8.09
12/11/01,14:00,8.09
12/11/01,14:30,8.25
12/11/01,15:00,8.09
12/11/01,15:30,8.25
12/11/01,16:00,8.25
12/11/01,16:30,8.25
12/11/01,17:00,8.25
12/11/01,17:30,8.25
12/11/01,18:00,8.25
12/11/01,18:30,8.4
12/11/01,19:00,8.25
12/11/01,19:30,8.25
12/11/01,20:00,8.25
12/11/01,20:30,8.25
12/11/01,21:00,8.09
12/11/01,21:30,8.25
12/11/01,22:00,8.09
12/11/01,22:30,8.09
12/11/01,23:00,8.25
12/11/01,23:30,8.25
12/12/01,0:00,8.25
12/12/01,0:30,8.25
12/12/01,1:00,8.25
12/12/01,1:30,8.25
12/12/01,2:00,8.25
12/12/01,2:30,8.25
12/12/01,3:00,8.25
12/12/01,3:30,8.25
12/12/01,4:00,8.25
12/12/01,4:30,8.25
12/12/01,5:00,8.25
12/12/01,5:30,8.25
12/12/01,6:00,8.25
12/12/01,6:30,8.25
12/12/01,7:00,8.25
12/12/01,7:30,8.25
12/12/01,8:00,8.25
12/12/01,8:30,8.25
12/12/01,9:00,8.4
12/12/01,9:30,8.25
12/12/01,10:00,8.25
12/12/01,10:30,8.4
12/12/01,11:00,8.4
12/12/01,11:30,8.25
12/12/01,12:00,8.4
12/12/01,12:30,8.4
12/12/01,13:00,8.4
12/12/01,13:30,8.25
12/12/01,14:00,8.25
12/12/01,14:30,8.25
12/12/01,15:00,8.25
12/12/01,15:30,8.25
12/12/01,16:00,8.25
12/12/01,16:30,8.25
12/12/01,17:00,8.25
12/12/01,17:30,8.25
12/12/01,18:00,8.25
12/12/01,18:30,8.25
12/12/01,19:00,8.25
12/12/01,19:30,8.25
12/12/01,20:00,8.09
12/12/01,20:30,8.25
12/12/01,21:00,8.25
12/12/01,21:30,8.25
12/12/01,22:00,8.09
12/12/01,22:30,8.09
12/12/01,23:00,8.25
12/12/01,23:30,8.25
12/13/01,0:00,8.25
12/13/01,0:30,8.25
12/13/01,1:00,8.25
12/13/01,1:30,8.25
12/13/01,2:00,8.4
12/13/01,2:30,8.25
12/13/01,3:00,8.25
12/13/01,3:30,8.4
12/13/01,4:00,8.25
12/13/01,4:30,8.4
12/13/01,5:00,8.25
12/13/01,5:30,8.09
12/13/01,6:00,8.25
12/13/01,6:30,8.4
12/13/01,7:00,8.4
12/13/01,7:30,8.4
12/13/01,8:00,8.25
12/13/01,8:30,8.25
12/13/01,9:00,8.09
12/13/01,9:30,8.09
12/13/01,10:00,8.09
12/13/01,10:30,8.25
12/13/01,11:00,8.25
12/13/01,11:30,8.25
12/13/01,12:00,8.25
12/13/01,12:30,8.09
12/13/01,13:00,8.25
12/13/01,13:30,8.25
12/13/01,14:00,8.4
12/13/01,14:30,8.25
12/13/01,15:00,8.25
12/13/01,15:30,8.25
12/13/01,16:00,8.09
12/13/01,16:30,8.09
12/13/01,17:00,8.09
12/13/01,17:30,8.09
12/13/01,18:00,8.09
12/13/01,18:30,8.09
12/13/01,19:00,8.09
12/13/01,19:30,8.09
12/13/01,20:00,8.09
12/13/01,20:30,8.25
12/13/01,21:00,8.25
12/13/01,21:30,8.09
12/13/01,22:00,8.09
12/13/01,22:30,8.09
12/13/01,23:00,8.09
12/13/01,23:30,8.25
12/14/01,0:00,8.25
12/14/01,0:30,8.25
12/14/01,1:00,8.25
12/14/01,1:30,8.09
12/14/01,2:00,8.25
12/14/01,2:30,8.25
12/14/01,3:00,8.25
12/14/01,3:30,8.25
12/14/01,4:00,8.09
12/14/01,4:30,8.09
12/14/01,5:00,8.09
12/14/01,5:30,8.09
12/14/01,6:00,8.09
12/14/01,6:30,8.09
12/14/01,7:00,8.09
12/14/01,7:30,8.09
12/14/01,8:00,8.09
12/14/01,8:30,8.09
12/14/01,9:00,8.09
12/14/01,9:30,8.25
12/14/01,10:00,8.09
12/14/01,10:30,8.09
12/14/01,11:00,8.25
12/14/01,11:30,8.09
12/14/01,12:00,8.25
12/14/01,12:30,8.25
12/14/01,13:00,8.4
12/14/01,13:30,8.4
12/14/01,14:00,8.25
12/14/01,14:30,8.25
12/14/01,15:00,8.25
12/14/01,15:30,8.25
12/14/01,16:00,8.4
12/14/01,16:30,8.25
12/14/01,17:00,8.4
12/14/01,17:30,8.25
12/14/01,18:00,8.4
12/14/01,18:30,8.4
12/14/01,19:00,8.4
12/14/01,19:30,8.56
12/14/01,20:00,8.71
12/14/01,20:30,8.71
12/14/01,21:00,8.56
12/14/01,21:30,8.56
12/14/01,22:00,8.4
12/14/01,22:30,8.25
12/14/01,23:00,8.4
12/14/01,23:30,8.4
12/15/01,0:00,8.56
12/15/01,0:30,8.56
12/15/01,1:00,8.56
12/15/01,1:30,8.56
12/15/01,2:00,8.56
12/15/01,2:30,8.56
12/15/01,3:00,8.56
12/15/01,3:30,8.56
12/15/01,4:00,8.56
12/15/01,4:30,8.56
12/15/01,5:00,8.56
12/15/01,5:30,8.4
12/15/01,6:00,8.56
12/15/01,6:30,8.4
12/15/01,7:00,8.56
12/15/01,7:30,8.25
12/15/01,8:00,8.4
12/15/01,8:30,8.25
12/15/01,9:00,8.25
12/15/01,9:30,8.25
12/15/01,10:00,8.25
12/15/01,10:30,8.25
12/15/01,11:00,8.25
12/15/01,11:30,8.25
12/15/01,12:00,8.25
12/15/01,12:30,8.25
12/15/01,13:00,8.25
12/15/01,13:30,8.25
12/15/01,14:00,8.25
12/15/01,14:30,8.25
12/15/01,15:00,8.25
12/15/01,15:30,8.09
12/15/01,16:00,8.09
12/15/01,16:30,8.09
12/15/01,17:00,8.09
12/15/01,17:30,8.09
12/15/01,18:00,8.09
12/15/01,18:30,8.09
12/15/01,19:00,8.09
12/15/01,19:30,8.09
12/15/01,20:00,8.09
12/15/01,20:30,8.09
12/15/01,21:00,8.09
12/15/01,21:30,8.09
12/15/01,22:00,8.09
12/15/01,22:30,8.09
12/15/01,23:00,8.09
12/15/01,23:30,8.09
12/16/01,0:00,8.09
12/16/01,0:30,8.09
12/16/01,1:00,8.09
12/16/01,1:30,8.09
12/16/01,2:00,8.09
12/16/01,2:30,8.09
12/16/01,3:00,7.94
12/16/01,3:30,7.94
12/16/01,4:00,8.09
12/16/01,4:30,7.94
12/16/01,5:00,7.94
12/16/01,5:30,7.94
12/16/01,6:00,7.94
12/16/01,6:30,7.94
12/16/01,7:00,7.78
12/16/01,7:30,7.78
12/16/01,8:00,7.94
12/16/01,8:30,7.94
12/16/01,9:00,7.94
12/16/01,9:30,7.94
12/16/01,10:00,7.94
12/16/01,10:30,7.94
12/16/01,11:00,7.78
12/16/01,11:30,7.78
12/16/01,12:00,7.94
12/16/01,12:30,7.94
12/16/01,13:00,7.94
12/16/01,13:30,7.94
12/16/01,14:00,7.94
12/16/01,14:30,7.94
12/16/01,15:00,7.94
12/16/01,15:30,7.94
12/16/01,16:00,7.78
12/16/01,16:30,7.78
12/16/01,17:00,7.78
12/16/01,17:30,7.78
12/16/01,18:00,7.78
12/16/01,18:30,7.78
12/16/01,19:00,7.78
12/16/01,19:30,7.78
12/16/01,20:00,7.78
12/16/01,20:30,7.78
12/16/01,21:00,7.78
12/16/01,21:30,7.78
12/16/01,22:00,7.78
12/16/01,22:30,7.78
12/16/01,23:00,7.78
12/16/01,23:30,7.78
12/17/01,0:00,7.78
12/17/01,0:30,7.63
12/17/01,1:00,7.63
12/17/01,1:30,7.63
12/17/01,2:00,7.63
12/17/01,2:30,7.63
12/17/01,3:00,7.63
12/17/01,3:30,7.63
12/17/01,4:00,7.63
12/17/01,4:30,7.63
12/17/01,5:00,7.63
12/17/01,5:30,7.63
12/17/01,6:00,7.63
12/17/01,6:30,7.63
12/17/01,7:00,7.63
12/17/01,7:30,7.63
12/17/01,8:00,7.63
12/17/01,8:30,7.63
12/17/01,9:00,7.63
12/17/01,9:30,7.63
12/17/01,10:00,7.63
12/17/01,10:30,7.63
12/17/01,11:00,7.63
12/17/01,11:30,7.63
12/17/01,12:00,7.63
12/17/01,12:30,7.63
12/17/01,13:00,7.63
12/17/01,13:30,7.78
12/17/01,14:00,7.78
12/17/01,14:30,7.78
12/17/01,15:00,7.78
12/17/01,15:30,7.78
12/17/01,16:00,7.78
12/17/01,16:30,7.78
12/17/01,17:00,7.78
12/17/01,17:30,7.78
12/17/01,18:00,7.78
12/17/01,18:30,7.63
12/17/01,19:00,7.47
12/17/01,19:30,7.47
12/17/01,20:00,7.47
12/17/01,20:30,7.63
12/17/01,21:00,7.63
12/17/01,21:30,7.63
12/17/01,22:00,7.63
12/17/01,22:30,7.63
12/17/01,23:00,7.63
12/17/01,23:30,7.78
12/18/01,0:00,7.78
12/18/01,0:30,7.78
12/18/01,1:00,7.78
12/18/01,1:30,7.78
12/18/01,2:00,7.78
12/18/01,2:30,7.78
12/18/01,3:00,7.78
12/18/01,3:30,7.78
12/18/01,4:00,7.78
12/18/01,4:30,7.78
12/18/01,5:00,7.78
12/18/01,5:30,7.78
12/18/01,6:00,7.78
12/18/01,6:30,7.63
12/18/01,7:00,7.78
12/18/01,7:30,7.63
12/18/01,8:00,7.78
12/18/01,8:30,7.63
12/18/01,9:00,7.63
12/18/01,9:30,7.63
12/18/01,10:00,7.63
12/18/01,10:30,7.63
12/18/01,11:00,7.63
12/18/01,11:30,7.63
12/18/01,12:00,7.63
12/18/01,12:30,7.47
12/18/01,13:00,7.63
12/18/01,13:30,7.63
12/18/01,14:00,7.63
12/18/01,14:30,7.63
12/18/01,15:00,7.63
12/18/01,15:30,7.63
12/18/01,16:00,7.63
12/18/01,16:30,7.63
12/18/01,17:00,7.63
12/18/01,17:30,7.63
12/18/01,18:00,7.63
12/18/01,18:30,7.63
12/18/01,19:00,7.63
12/18/01,19:30,7.63
12/18/01,20:00,7.63
12/18/01,20:30,7.63
12/18/01,21:00,7.47
12/18/01,21:30,7.47
12/18/01,22:00,7.47
12/18/01,22:30,7.47
12/18/01,23:00,7.47
12/18/01,23:30,7.47
12/19/01,0:00,7.47
12/19/01,0:30,7.47
12/19/01,1:00,7.47
12/19/01,1:30,7.47
12/19/01,2:00,7.47
12/19/01,2:30,7.47
12/19/01,3:00,7.47
12/19/01,3:30,7.32
12/19/01,4:00,7.32
12/19/01,4:30,7.32
12/19/01,5:00,7.32
12/19/01,5:30,7.32
12/19/01,6:00,7.32
12/19/01,6:30,7.47
12/19/01,7:00,7.32
12/19/01,7:30,7.32
12/19/01,8:00,7.32
12/19/01,8:30,7.32
12/19/01,9:00,7.32
12/19/01,9:30,7.32
12/19/01,10:00,7.47
12/19/01,10:30,7.47
12/19/01,11:00,7.32
12/19/01,11:30,7.47
12/19/01,12:00,7.47
12/19/01,12:30,7.47
12/19/01,13:00,7.47
12/19/01,13:30,7.47
12/19/01,14:00,7.63
12/19/01,14:30,7.47
12/19/01,15:00,7.47
12/19/01,15:30,7.63
12/19/01,16:00,7.78
12/19/01,16:30,7.78
12/19/01,17:00,7.78
12/19/01,17:30,7.78
12/19/01,18:00,7.78
12/19/01,18:30,7.78
12/19/01,19:00,7.78
12/19/01,19:30,7.94
12/19/01,20:00,7.78
12/19/01,20:30,7.78
12/19/01,21:00,7.94
12/19/01,21:30,7.78
12/19/01,22:00,7.78
12/19/01,22:30,7.78
12/19/01,23:00,7.78
12/19/01,23:30,7.78
12/20/01,0:00,7.78
12/20/01,0:30,7.78
12/20/01,1:00,7.78
12/20/01,1:30,7.78
12/20/01,2:00,7.78
12/20/01,2:30,7.78
12/20/01,3:00,7.94
12/20/01,3:30,7.94
12/20/01,4:00,7.94
12/20/01,4:30,7.94
12/20/01,5:00,7.94
12/20/01,5:30,7.78
12/20/01,6:00,7.78
12/20/01,6:30,7.78
12/20/01,7:00,7.78
12/20/01,7:30,7.78
12/20/01,8:00,7.78
12/20/01,8:30,7.78
12/20/01,9:00,7.78
12/20/01,9:30,7.78
12/20/01,10:00,7.78
12/20/01,10:30,7.78
12/20/01,11:00,7.78
12/20/01,11:30,7.78
12/20/01,12:00,7.78
12/20/01,12:30,7.94
12/20/01,13:00,7.94
12/20/01,13:30,7.94
12/20/01,14:00,7.94
12/20/01,14:30,7.78
12/20/01,15:00,7.78
12/20/01,15:30,7.94
12/20/01,16:00,7.94
12/20/01,16:30,8.09
12/20/01,17:00,8.09
12/20/01,17:30,7.94
12/20/01,18:00,7.94
12/20/01,18:30,7.78
12/20/01,19:00,7.78
12/20/01,19:30,7.78
12/20/01,20:00,7.78
12/20/01,20:30,7.78
12/20/01,21:00,7.78
12/20/01,21:30,7.78
12/20/01,22:00,7.94
12/20/01,22:30,7.78
12/20/01,23:00,7.78
12/20/01,23:30,7.78
12/21/01,0:00,7.78
12/21/01,0:30,7.78
12/21/01,1:00,7.78
12/21/01,1:30,7.78
12/21/01,2:00,7.78
12/21/01,2:30,7.78
12/21/01,3:00,7.78
12/21/01,3:30,7.78
12/21/01,4:00,7.78
12/21/01,4:30,7.78
12/21/01,5:00,7.78
12/21/01,5:30,7.78
12/21/01,6:00,7.78
12/21/01,6:30,7.78
12/21/01,7:00,7.94
12/21/01,7:30,8.09
12/21/01,8:00,8.09
12/21/01,8:30,7.94
12/21/01,9:00,7.78
12/21/01,9:30,7.78
12/21/01,10:00,7.94
12/21/01,10:30,7.94
12/21/01,11:00,8.09
12/21/01,11:30,8.09
12/21/01,12:00,7.94
12/21/01,12:30,8.09
12/21/01,13:00,8.09
12/21/01,13:30,7.94
12/21/01,14:00,8.09
12/21/01,14:30,8.09
12/21/01,15:00,7.94
12/21/01,15:30,7.94
12/21/01,16:00,7.94
12/21/01,16:30,7.94
12/21/01,17:00,7.94
12/21/01,17:30,7.94
12/21/01,18:00,7.94
12/21/01,18:30,7.94
12/21/01,19:00,7.94
12/21/01,19:30,7.94
12/21/01,20:00,7.78
12/21/01,20:30,7.78
12/21/01,21:00,7.78
12/21/01,21:30,7.78
12/21/01,22:00,7.78
12/21/01,22:30,7.78
12/21/01,23:00,7.78
12/21/01,23:30,7.78
12/22/01,0:00,7.78
12/22/01,0:30,7.63
12/22/01,1:00,7.78
12/22/01,1:30,7.78
12/22/01,2:00,7.78
12/22/01,2:30,7.78
12/22/01,3:00,7.78
12/22/01,3:30,7.94
12/22/01,4:00,7.94
12/22/01,4:30,7.94
12/22/01,5:00,7.78
12/22/01,5:30,7.78
12/22/01,6:00,7.78
12/22/01,6:30,7.78
12/22/01,7:00,7.78
12/22/01,7:30,7.78
12/22/01,8:00,7.63
12/22/01,8:30,7.63
12/22/01,9:00,7.63
12/22/01,9:30,7.63
12/22/01,10:00,7.78
12/22/01,10:30,7.78
12/22/01,11:00,7.78
12/22/01,11:30,7.78
12/22/01,12:00,7.78
12/22/01,12:30,7.78
12/22/01,13:00,7.63
12/22/01,13:30,7.63
12/22/01,14:00,7.78
12/22/01,14:30,7.78
12/22/01,15:00,7.78
12/22/01,15:30,7.78
12/22/01,16:00,7.78
12/22/01,16:30,7.63
12/22/01,17:00,7.63
12/22/01,17:30,7.63
12/22/01,18:00,7.63
12/22/01,18:30,7.47
12/22/01,19:00,7.47
12/22/01,19:30,7.47
12/22/01,20:00,7.47
12/22/01,20:30,7.47
12/22/01,21:00,7.47
12/22/01,21:30,7.47
12/22/01,22:00,7.63
12/22/01,22:30,7.47
12/22/01,23:00,7.47
12/22/01,23:30,7.47
12/23/01,0:00,7.47
12/23/01,0:30,7.47
12/23/01,1:00,7.47
12/23/01,1:30,7.47
12/23/01,2:00,7.63
12/23/01,2:30,7.63
12/23/01,3:00,7.47
12/23/01,3:30,7.47
12/23/01,4:00,7.47
12/23/01,4:30,7.47
12/23/01,5:00,7.32
12/23/01,5:30,7.47
12/23/01,6:00,7.47
12/23/01,6:30,7.47
12/23/01,7:00,7.47
12/23/01,7:30,7.47
12/23/01,8:00,7.47
12/23/01,8:30,7.47
12/23/01,9:00,7.47
12/23/01,9:30,7.47
12/23/01,10:00,7.47
12/23/01,10:30,7.47
12/23/01,11:00,7.47
12/23/01,11:30,7.47
12/23/01,12:00,7.47
12/23/01,12:30,7.47
12/23/01,13:00,7.47
12/23/01,13:30,7.47
12/23/01,14:00,7.47
12/23/01,14:30,7.32
12/23/01,15:00,7.32
12/23/01,15:30,7.32
12/23/01,16:00,7.32
12/23/01,16:30,7.32
12/23/01,17:00,7.32
12/23/01,17:30,7.32
12/23/01,18:00,7.16
12/23/01,18:30,7.16
12/23/01,19:00,7.16
12/23/01,19:30,7
12/23/01,20:00,7
12/23/01,20:30,7
12/23/01,21:00,7
12/23/01,21:30,7.16
12/23/01,22:00,7.16
12/23/01,22:30,7.16
12/23/01,23:00,7.32
12/23/01,23:30,7.32
12/24/01,0:00,7.16
12/24/01,0:30,7.16
12/24/01,1:00,7.16
12/24/01,1:30,7.16
12/24/01,2:00,7.16
12/24/01,2:30,7.16
12/24/01,3:00,7.16
12/24/01,3:30,7.16
12/24/01,4:00,7.16
12/24/01,4:30,7.32
12/24/01,5:00,7.32
12/24/01,5:30,7.32
12/24/01,6:00,7.32
12/24/01,6:30,7.32
12/24/01,7:00,7.63
12/24/01,7:30,7.63
12/24/01,8:00,7.78
12/24/01,8:30,7.78
12/24/01,9:00,7.78
12/24/01,9:30,7.78
12/24/01,10:00,7.78
12/24/01,10:30,7.78
12/24/01,11:00,7.63
12/24/01,11:30,7.63
12/24/01,12:00,7.63
12/24/01,12:30,7.63
12/24/01,13:00,7.63
12/24/01,13:30,7.78
12/24/01,14:00,7.78
12/24/01,14:30,7.94
12/24/01,15:00,7.78
12/24/01,15:30,7.94
12/24/01,16:00,7.78
12/24/01,16:30,7.78
12/24/01,17:00,7.78
12/24/01,17:30,7.63
12/24/01,18:00,7.63
12/24/01,18:30,7.63
12/24/01,19:00,7.63
12/24/01,19:30,7.63
12/24/01,20:00,7.47
12/24/01,20:30,7.78
12/24/01,21:00,7.78
12/24/01,21:30,7.78
12/24/01,22:00,7.78
12/24/01,22:30,7.78
12/24/01,23:00,7.78
12/24/01,23:30,7.78
12/25/01,0:00,7.78
12/25/01,0:30,7.78
12/25/01,1:00,7.78
12/25/01,1:30,7.78
12/25/01,2:00,7.78
12/25/01,2:30,7.78
12/25/01,3:00,7.78
12/25/01,3:30,7.78
12/25/01,4:00,7.78
12/25/01,4:30,7.78
12/25/01,5:00,7.78
12/25/01,5:30,7.78
12/25/01,6:00,7.78
12/25/01,6:30,7.78
12/25/01,7:00,7.78
12/25/01,7:30,7.78
12/25/01,8:00,7.78
12/25/01,8:30,7.78
12/25/01,9:00,7.78
12/25/01,9:30,7.78
12/25/01,10:00,7.78
12/25/01,10:30,7.78
12/25/01,11:00,7.78
12/25/01,11:30,7.78
12/25/01,12:00,7.78
12/25/01,12:30,7.94
12/25/01,13:00,7.94
12/25/01,13:30,7.94
12/25/01,14:00,7.94
12/25/01,14:30,7.94
12/25/01,15:00,7.94
12/25/01,15:30,7.94
12/25/01,16:00,7.78
12/25/01,16:30,7.78
12/25/01,17:00,7.78
12/25/01,17:30,7.78
12/25/01,18:00,7.78
12/25/01,18:30,7.78
12/25/01,19:00,7.78
12/25/01,19:30,7.78
12/25/01,20:00,7.78
12/25/01,20:30,7.78
12/25/01,21:00,7.78
12/25/01,21:30,7.78
12/25/01,22:00,7.78
12/25/01,22:30,7.78
12/25/01,23:00,7.78
12/25/01,23:30,7.78
12/26/01,0:00,7.78
12/26/01,0:30,7.78
12/26/01,1:00,7.78
12/26/01,1:30,7.78
12/26/01,2:00,7.78
12/26/01,2:30,7.78
12/26/01,3:00,7.78
12/26/01,3:30,7.78
12/26/01,4:00,7.78
12/26/01,4:30,7.78
12/26/01,5:00,7.78
12/26/01,5:30,7.78
12/26/01,6:00,7.78
12/26/01,6:30,7.78
12/26/01,7:00,7.78
12/26/01,7:30,7.78
12/26/01,8:00,7.78
12/26/01,8:30,7.78
12/26/01,9:00,7.78
12/26/01,9:30,7.78
12/26/01,10:00,7.78
12/26/01,10:30,7.78
12/26/01,11:00,7.78
12/26/01,11:30,7.78
12/26/01,12:00,7.78
12/26/01,12:30,7.78
12/26/01,13:00,7.78
12/26/01,13:30,7.78
12/26/01,14:00,7.78
12/26/01,14:30,7.78
12/26/01,15:00,7.78
12/26/01,15:30,7.78
12/26/01,16:00,7.78
12/26/01,16:30,7.78
12/26/01,17:00,7.78
12/26/01,17:30,7.78
12/26/01,18:00,7.78
12/26/01,18:30,7.78
12/26/01,19:00,7.78
12/26/01,19:30,7.78
12/26/01,20:00,7.78
12/26/01,20:30,7.78
12/26/01,21:00,7.78
12/26/01,21:30,7.78
12/26/01,22:00,7.78
12/26/01,22:30,7.78
12/26/01,23:00,7.78
12/26/01,23:30,7.78
12/27/01,0:00,7.78
12/27/01,0:30,7.63
12/27/01,1:00,7.63
12/27/01,1:30,7.63
12/27/01,2:00,7.63
12/27/01,2:30,7.63
12/27/01,3:00,7.63
12/27/01,3:30,7.63
12/27/01,4:00,7.63
12/27/01,4:30,7.63
12/27/01,5:00,7.63
12/27/01,5:30,7.63
12/27/01,6:00,7.63
12/27/01,6:30,7.63
12/27/01,7:00,7.63
12/27/01,7:30,7.63
12/27/01,8:00,7.63
12/27/01,8:30,7.63
12/27/01,9:00,7.63
12/27/01,9:30,7.63
12/27/01,10:00,7.63
12/27/01,10:30,7.63
12/27/01,11:00,7.63
12/27/01,11:30,7.63
12/27/01,12:00,7.63
12/27/01,12:30,7.63
12/27/01,13:00,7.63
12/27/01,13:30,7.63
12/27/01,14:00,7.63
12/27/01,14:30,7.63
12/27/01,15:00,7.63
12/27/01,15:30,7.63
12/27/01,16:00,7.63
12/27/01,16:30,7.63
12/27/01,17:00,7.63
12/27/01,17:30,7.63
12/27/01,18:00,7.63
12/27/01,18:30,7.63
12/27/01,19:00,7.63
12/27/01,19:30,7.63
12/27/01,20:00,7.63
12/27/01,20:30,7.63
12/27/01,21:00,7.63
12/27/01,21:30,7.63
12/27/01,22:00,7.47
12/27/01,22:30,7.63
12/27/01,23:00,7.63
12/27/01,23:30,7.47
12/28/01,0:00,7.47
12/28/01,0:30,7.47
12/28/01,1:00,7.47
12/28/01,1:30,7.47
12/28/01,2:00,7.47
12/28/01,2:30,7.47
12/28/01,3:00,7.47
12/28/01,3:30,7.47
12/28/01,4:00,7.47
12/28/01,4:30,7.47
12/28/01,5:00,7.47
12/28/01,5:30,7.47
12/28/01,6:00,7.47
12/28/01,6:30,7.47
12/28/01,7:00,7.47
12/28/01,7:30,7.47
12/28/01,8:00,7.32
12/28/01,8:30,7.32
12/28/01,9:00,7.47
12/28/01,9:30,7.47
12/28/01,10:00,7.47
12/28/01,10:30,7.47
12/28/01,11:00,7.47
12/28/01,11:30,7.47
12/28/01,12:00,7.47
12/28/01,12:30,7.47
12/28/01,13:00,7.47
12/28/01,13:30,7.47
12/28/01,14:00,7.47
12/28/01,14:30,7.47
12/28/01,15:00,7.47
12/28/01,15:30,7.47
12/28/01,16:00,7.47
12/28/01,16:30,7.47
12/28/01,17:00,7.47
12/28/01,17:30,7.47
12/28/01,18:00,7.47
12/28/01,18:30,7.47
12/28/01,19:00,7.47
12/28/01,19:30,7.47
12/28/01,20:00,7.47
12/28/01,20:30,7.47
12/28/01,21:00,7.47
12/28/01,21:30,7.47
12/28/01,22:00,7.47
12/28/01,22:30,7.32
12/28/01,23:00,7.32
12/28/01,23:30,7.32
12/29/01,0:00,7.47
12/29/01,0:30,7.47
12/29/01,1:00,7.47
12/29/01,1:30,7.32
12/29/01,2:00,7.32
12/29/01,2:30,7.32
12/29/01,3:00,7.32
12/29/01,3:30,7.32
12/29/01,4:00,7.32
12/29/01,4:30,7.32
12/29/01,5:00,7.32
12/29/01,5:30,7.32
12/29/01,6:00,7.32
12/29/01,6:30,7.32
12/29/01,7:00,7.32
12/29/01,7:30,7.32
12/29/01,8:00,7.32
12/29/01,8:30,7.16
12/29/01,9:00,7.16
12/29/01,9:30,7.16
12/29/01,10:00,7.16
12/29/01,10:30,7.16
12/29/01,11:00,7.16
12/29/01,11:30,7.16
12/29/01,12:00,7.16
12/29/01,12:30,7.16
12/29/01,13:00,7.16
12/29/01,13:30,7.16
12/29/01,14:00,7.16
12/29/01,14:30,7.16
12/29/01,15:00,7.16
12/29/01,15:30,7.16
12/29/01,16:00,7
12/29/01,16:30,7
12/29/01,17:00,7.16
12/29/01,17:30,7
12/29/01,18:00,7.16
12/29/01,18:30,7
12/29/01,19:00,7
12/29/01,19:30,7
12/29/01,20:00,7
12/29/01,20:30,7
12/29/01,21:00,7
12/29/01,21:30,7
12/29/01,22:00,7
12/29/01,22:30,7
12/29/01,23:00,7
12/29/01,23:30,7
12/30/01,0:00,7
12/30/01,0:30,7.16
12/30/01,1:00,7.16
12/30/01,1:30,7.16
12/30/01,2:00,7.16
12/30/01,2:30,7.16
12/30/01,3:00,7.16
12/30/01,3:30,7.16
12/30/01,4:00,7.16
12/30/01,4:30,7.16
12/30/01,5:00,7
12/30/01,5:30,7.16
12/30/01,6:00,7.16
12/30/01,6:30,7.16
12/30/01,7:00,7.16
12/30/01,7:30,7.16
12/30/01,8:00,7.16
12/30/01,8:30,7.16
12/30/01,9:00,7
12/30/01,9:30,7
12/30/01,10:00,7
12/30/01,10:30,7
12/30/01,11:00,7
12/30/01,11:30,7
12/30/01,12:00,7.16
12/30/01,12:30,7.16
12/30/01,13:00,7.16
12/30/01,13:30,7.16
12/30/01,14:00,7.16
12/30/01,14:30,7.16
12/30/01,15:00,7.16
12/30/01,15:30,7.16
12/30/01,16:00,7.16
12/30/01,16:30,7.16
12/30/01,17:00,7
12/30/01,17:30,7.16
12/30/01,18:00,7
12/30/01,18:30,7
12/30/01,19:00,7
12/30/01,19:30,7
12/30/01,20:00,7.16
12/30/01,20:30,7.16
12/30/01,21:00,7.16
12/30/01,21:30,7.16
12/30/01,22:00,7.16
12/30/01,22:30,7.16
12/30/01,23:00,7.16
12/30/01,23:30,7.16
12/31/01,0:00,7.16
12/31/01,0:30,7.16
12/31/01,1:00,7
12/31/01,1:30,6.85
12/31/01,2:00,6.85
12/31/01,2:30,6.85
12/31/01,3:00,6.85
12/31/01,3:30,6.85
12/31/01,4:00,6.69
12/31/01,4:30,6.69
12/31/01,5:00,6.69
12/31/01,5:30,6.69
12/31/01,6:00,6.69
12/31/01,6:30,6.69
12/31/01,7:00,6.69
12/31/01,7:30,6.69
12/31/01,8:00,6.69
12/31/01,8:30,6.69
12/31/01,9:00,6.69
12/31/01,9:30,6.69
12/31/01,10:00,6.69
12/31/01,10:30,6.69
12/31/01,11:00,6.85
12/31/01,11:30,6.85
12/31/01,12:00,6.85
12/31/01,12:30,6.85
12/31/01,13:00,6.85
12/31/01,13:30,6.85
12/31/01,14:00,7
12/31/01,14:30,7
12/31/01,15:00,6.85
12/31/01,15:30,6.85
12/31/01,16:00,6.85
12/31/01,16:30,6.85
12/31/01,17:00,6.85
12/31/01,17:30,6.85
12/31/01,18:00,6.85
12/31/01,18:30,6.85
12/31/01,19:00,6.85
12/31/01,19:30,6.85
12/31/01,20:00,6.85
12/31/01,20:30,6.85
12/31/01,21:00,6.85
12/31/01,21:30,6.85
12/31/01,22:00,6.85
12/31/01,22:30,6.85
12/31/01,23:00,6.85
12/31/01,23:30,6.85
1/1/02,0:00,6.85
1/1/02,0:30,6.85
1/1/02,1:00,6.85
1/1/02,1:30,6.85
1/1/02,2:00,6.85
1/1/02,2:30,6.85
1/1/02,3:00,6.85
1/1/02,3:30,6.85
1/1/02,4:00,6.85
1/1/02,4:30,6.69
1/1/02,5:00,6.69
1/1/02,5:30,6.69
1/1/02,6:00,6.69
1/1/02,6:30,6.69
1/1/02,7:00,6.69
1/1/02,7:30,6.69
1/1/02,8:00,6.69
1/1/02,8:30,6.69
1/1/02,9:00,6.69
1/1/02,9:30,6.69
1/1/02,10:00,6.69
1/1/02,10:30,6.69
1/1/02,11:00,6.69
1/1/02,11:30,6.69
1/1/02,12:00,6.69
1/1/02,12:30,6.69
1/1/02,13:00,6.69
1/1/02,13:30,6.69
1/1/02,14:00,6.85
1/1/02,14:30,6.69
1/1/02,15:00,6.69
1/1/02,15:30,6.69
1/1/02,16:00,6.69
1/1/02,16:30,6.69
1/1/02,17:00,6.69
1/1/02,17:30,6.69
1/1/02,18:00,6.69
1/1/02,18:30,6.54
1/1/02,19:00,6.54
1/1/02,19:30,6.54
1/1/02,20:00,6.54
1/1/02,20:30,6.54
1/1/02,21:00,6.54
1/1/02,21:30,6.54
1/1/02,22:00,6.54
1/1/02,22:30,6.54
1/1/02,23:00,6.54
1/1/02,23:30,6.54
1/2/02,0:00,6.54
1/2/02,0:30,6.54
1/2/02,1:00,6.54
1/2/02,1:30,6.54
1/2/02,2:00,6.54
1/2/02,2:30,6.54
1/2/02,3:00,6.54
1/2/02,3:30,6.54
1/2/02,4:00,6.54
1/2/02,4:30,6.54
1/2/02,5:00,6.54
1/2/02,5:30,6.38
1/2/02,6:00,6.38
1/2/02,6:30,6.38
1/2/02,7:00,6.38
1/2/02,7:30,6.38
1/2/02,8:00,6.38
1/2/02,8:30,6.38
1/2/02,9:00,6.38
1/2/02,9:30,6.38
1/2/02,10:00,6.38
1/2/02,10:30,6.38
1/2/02,11:00,6.38
1/2/02,11:30,6.38
1/2/02,12:00,6.38
1/2/02,12:30,6.38
1/2/02,13:00,6.38
1/2/02,13:30,6.38
1/2/02,14:00,6.38
1/2/02,14:30,6.38
1/2/02,15:00,6.38
1/2/02,15:30,6.38
1/2/02,16:00,6.54
1/2/02,16:30,6.38
1/2/02,17:00,6.38
1/2/02,17:30,6.38
1/2/02,18:00,6.54
1/2/02,18:30,6.54
1/2/02,19:00,6.54
1/2/02,19:30,6.54
1/2/02,20:00,6.54
1/2/02,20:30,6.54
1/2/02,21:00,6.54
1/2/02,21:30,6.54
1/2/02,22:00,6.54
1/2/02,22:30,6.54
1/2/02,23:00,6.69
1/2/02,23:30,6.54
1/3/02,0:00,6.54
1/3/02,0:30,6.54
1/3/02,1:00,6.54
1/3/02,1:30,6.54
1/3/02,2:00,6.54
1/3/02,2:30,6.54
1/3/02,3:00,6.54
1/3/02,3:30,6.54
1/3/02,4:00,6.54
1/3/02,4:30,6.54
1/3/02,5:00,6.54
1/3/02,5:30,6.54
1/3/02,6:00,6.54
1/3/02,6:30,6.54
1/3/02,7:00,6.38
1/3/02,7:30,6.38
1/3/02,8:00,6.38
1/3/02,8:30,6.38
1/3/02,9:00,6.38
1/3/02,9:30,6.38
1/3/02,10:00,6.54
1/3/02,10:30,6.54
1/3/02,11:00,6.54
1/3/02,11:30,6.54
1/3/02,12:00,6.54
1/3/02,12:30,6.54
1/3/02,13:00,6.54
1/3/02,13:30,6.54
1/3/02,14:00,6.54
1/3/02,14:30,6.54
1/3/02,15:00,6.54
1/3/02,15:30,6.54
1/3/02,16:00,6.54
1/3/02,16:30,6.54
1/3/02,17:00,6.54
1/3/02,17:30,6.54
1/3/02,18:00,6.54
1/3/02,18:30,6.54
1/3/02,19:00,6.54
1/3/02,19:30,6.54
1/3/02,20:00,6.54
1/3/02,20:30,6.54
1/3/02,21:00,6.54
1/3/02,21:30,6.54
1/3/02,22:00,6.38
1/3/02,22:30,6.38
1/3/02,23:00,6.38
1/3/02,23:30,6.38
1/4/02,0:00,6.38
1/4/02,0:30,6.54
1/4/02,1:00,6.54
1/4/02,1:30,6.54
1/4/02,2:00,6.54
1/4/02,2:30,6.54
1/4/02,3:00,6.54
1/4/02,3:30,6.54
1/4/02,4:00,6.54
1/4/02,4:30,6.54
1/4/02,5:00,6.54
1/4/02,5:30,6.54
1/4/02,6:00,6.38
1/4/02,6:30,6.38
1/4/02,7:00,6.38
1/4/02,7:30,6.38
1/4/02,8:00,6.38
1/4/02,8:30,6.38
1/4/02,9:00,6.38
1/4/02,9:30,6.38
1/4/02,10:00,6.38
1/4/02,10:30,6.23
1/4/02,11:00,6.23
1/4/02,11:30,6.38
1/4/02,12:00,6.38
1/4/02,12:30,6.38
1/4/02,13:00,6.38
1/4/02,13:30,6.38
1/4/02,14:00,6.38
1/4/02,14:30,6.38
1/4/02,15:00,6.38
1/4/02,15:30,6.38
1/4/02,16:00,6.38
1/4/02,16:30,6.38
1/4/02,17:00,6.38
1/4/02,17:30,6.38
1/4/02,18:00,6.38
1/4/02,18:30,6.38
1/4/02,19:00,6.23
1/4/02,19:30,6.23
1/4/02,20:00,6.23
1/4/02,20:30,6.23
1/4/02,21:00,6.23
1/4/02,21:30,6.23
1/4/02,22:00,6.23
1/4/02,22:30,6.23
1/4/02,23:00,6.23
1/4/02,23:30,6.23
1/5/02,0:00,6.23
1/5/02,0:30,6.23
1/5/02,1:00,6.23
1/5/02,1:30,6.23
1/5/02,2:00,6.23
1/5/02,2:30,6.23
1/5/02,3:00,6.23
1/5/02,3:30,6.23
1/5/02,4:00,6.23
1/5/02,4:30,6.23
1/5/02,5:00,6.23
1/5/02,5:30,6.23
1/5/02,6:00,6.23
1/5/02,6:30,6.07
1/5/02,7:00,6.07
1/5/02,7:30,6.07
1/5/02,8:00,6.07
1/5/02,8:30,6.07
1/5/02,9:00,6.07
1/5/02,9:30,6.07
1/5/02,10:00,6.07
1/5/02,10:30,6.07
1/5/02,11:00,6.07
1/5/02,11:30,6.07
1/5/02,12:00,6.07
1/5/02,12:30,6.07
1/5/02,13:00,6.07
1/5/02,13:30,6.07
1/5/02,14:00,6.07
1/5/02,14:30,6.07
1/5/02,15:00,6.07
1/5/02,15:30,6.07
1/5/02,16:00,6.07
1/5/02,16:30,6.07
1/5/02,17:00,6.07
1/5/02,17:30,6.07
1/5/02,18:00,6.07
1/5/02,18:30,6.07
1/5/02,19:00,6.07
1/5/02,19:30,5.92
1/5/02,20:00,6.07
1/5/02,20:30,6.07
1/5/02,21:00,6.07
1/5/02,21:30,6.07
1/5/02,22:00,6.07
1/5/02,22:30,6.23
1/5/02,23:00,6.23
1/5/02,23:30,6.07
1/6/02,0:00,6.07
1/6/02,0:30,6.07
1/6/02,1:00,6.07
1/6/02,1:30,6.07
1/6/02,2:00,6.07
1/6/02,2:30,6.07
1/6/02,3:00,6.07
1/6/02,3:30,6.07
1/6/02,4:00,6.07
1/6/02,4:30,6.07
1/6/02,5:00,6.07
1/6/02,5:30,6.07
1/6/02,6:00,6.07
1/6/02,6:30,6.07
1/6/02,7:00,6.23
1/6/02,7:30,6.23
1/6/02,8:00,6.23
1/6/02,8:30,6.07
1/6/02,9:00,6.07
1/6/02,9:30,6.23
1/6/02,10:00,6.23
1/6/02,10:30,6.07
1/6/02,11:00,6.38
1/6/02,11:30,6.38
1/6/02,12:00,6.23
1/6/02,12:30,6.23
1/6/02,13:00,6.23
1/6/02,13:30,6.23
1/6/02,14:00,6.38
1/6/02,14:30,6.23
1/6/02,15:00,6.23
1/6/02,15:30,6.23
1/6/02,16:00,6.23
1/6/02,16:30,6.38
1/6/02,17:00,6.23
1/6/02,17:30,6.38
1/6/02,18:00,6.38
1/6/02,18:30,6.38
1/6/02,19:00,6.38
1/6/02,19:30,6.38
1/6/02,20:00,6.54
1/6/02,20:30,6.54
1/6/02,21:00,6.38
1/6/02,21:30,6.38
1/6/02,22:00,6.54
1/6/02,22:30,6.38
1/6/02,23:00,6.38
1/6/02,23:30,6.38
1/7/02,0:00,6.38
1/7/02,0:30,6.38
1/7/02,1:00,6.38
1/7/02,1:30,6.54
1/7/02,2:00,6.54
1/7/02,2:30,6.38
1/7/02,3:00,6.38
1/7/02,3:30,6.38
1/7/02,4:00,6.38
1/7/02,4:30,6.38
1/7/02,5:00,6.38
1/7/02,5:30,6.38
1/7/02,6:00,6.38
1/7/02,6:30,6.38
1/7/02,7:00,6.38
1/7/02,7:30,6.38
1/7/02,8:00,6.38
1/7/02,8:30,6.38
1/7/02,9:00,6.38
1/7/02,9:30,6.38
1/7/02,10:00,6.23
1/7/02,10:30,6.23
1/7/02,11:00,6.23
1/7/02,11:30,6.23
1/7/02,12:00,6.23
1/7/02,12:30,6.23
1/7/02,13:00,6.23
1/7/02,13:30,6.23
1/7/02,14:00,6.23
1/7/02,14:30,6.23
1/7/02,15:00,6.38
1/7/02,15:30,6.38
1/7/02,16:00,6.38
1/7/02,16:30,6.38
1/7/02,17:00,6.38
1/7/02,17:30,6.38
1/7/02,18:00,6.54
1/7/02,18:30,6.54
1/7/02,19:00,6.54
1/7/02,19:30,6.38
1/7/02,20:00,6.54
1/7/02,20:30,6.54
1/7/02,21:00,6.54
1/7/02,21:30,6.38
1/7/02,22:00,6.38
1/7/02,22:30,6.38
1/7/02,23:00,6.38
1/7/02,23:30,6.38
1/8/02,0:00,6.38
1/8/02,0:30,6.38
1/8/02,1:00,6.38
1/8/02,1:30,6.38
1/8/02,2:00,6.38
1/8/02,2:30,6.38
1/8/02,3:00,6.38
1/8/02,3:30,6.38
1/8/02,4:00,6.38
1/8/02,4:30,6.38
1/8/02,5:00,6.38
1/8/02,5:30,6.38
1/8/02,6:00,6.38
1/8/02,6:30,6.38
1/8/02,7:00,6.38
1/8/02,7:30,6.38
1/8/02,8:00,6.38
1/8/02,8:30,6.38
1/8/02,9:00,6.38
1/8/02,9:30,6.38
1/8/02,10:00,6.38
1/8/02,10:30,6.23
1/8/02,11:00,6.23
1/8/02,11:30,6.23
1/8/02,12:00,6.38
1/8/02,12:30,6.38
1/8/02,13:00,6.23
1/8/02,13:30,6.23
1/8/02,14:00,6.07
1/8/02,14:30,6.07
1/8/02,15:00,6.07
1/8/02,15:30,6.07
1/8/02,16:00,6.07
1/8/02,16:30,5.92
1/8/02,17:00,6.07
1/8/02,17:30,6.07
1/8/02,18:00,6.07
1/8/02,18:30,6.07
1/8/02,19:00,6.23
1/8/02,19:30,6.07
1/8/02,20:00,6.23
1/8/02,20:30,6.23
1/8/02,21:00,6.23
1/8/02,21:30,6.23
1/8/02,22:00,6.23
1/8/02,22:30,6.23
1/8/02,23:00,6.23
1/8/02,23:30,6.23
1/9/02,0:00,6.23
1/9/02,0:30,6.23
1/9/02,1:00,6.23
1/9/02,1:30,6.23
1/9/02,2:00,6.23
1/9/02,2:30,6.23
1/9/02,3:00,6.23
1/9/02,3:30,6.23
1/9/02,4:00,6.23
1/9/02,4:30,6.23
1/9/02,5:00,6.23
1/9/02,5:30,6.23
1/9/02,6:00,6.23
1/9/02,6:30,6.23
1/9/02,7:00,6.23
1/9/02,7:30,6.23
1/9/02,8:00,6.23
1/9/02,8:30,6.23
1/9/02,9:00,6.23
1/9/02,9:30,6.07
1/9/02,10:00,6.07
1/9/02,10:30,6.07
1/9/02,11:00,6.07
1/9/02,11:30,6.07
1/9/02,12:00,6.07
1/9/02,12:30,6.07
1/9/02,13:00,6.07
1/9/02,13:30,5.92
1/9/02,14:00,5.92
1/9/02,14:30,5.92
1/9/02,15:00,5.92
1/9/02,15:30,5.92
1/9/02,16:00,5.92
1/9/02,16:30,5.92
1/9/02,17:00,5.92
1/9/02,17:30,5.92
1/9/02,18:00,5.92
1/9/02,18:30,5.92
1/9/02,19:00,5.92
1/9/02,19:30,5.92
1/9/02,20:00,5.92
1/9/02,20:30,5.92
1/9/02,21:00,5.92
1/9/02,21:30,5.92
1/9/02,22:00,6.07
1/9/02,22:30,6.07
1/9/02,23:00,6.07
1/9/02,23:30,6.07
1/10/02,0:00,6.07
1/10/02,0:30,6.07
1/10/02,1:00,5.92
1/10/02,1:30,5.76
1/10/02,2:00,5.76
1/10/02,2:30,5.92
1/10/02,3:00,5.61
1/10/02,3:30,5.61
1/10/02,4:00,5.61
1/10/02,4:30,5.61
1/10/02,5:00,5.45
1/10/02,5:30,5.76
1/10/02,6:00,5.76
1/10/02,6:30,5.76
1/10/02,7:00,5.76
1/10/02,7:30,5.76
1/10/02,8:00,5.76
1/10/02,8:30,5.76
1/10/02,9:00,5.76
1/10/02,9:30,5.76
1/10/02,10:00,5.76
1/10/02,10:30,5.76
1/10/02,11:00,5.76
1/10/02,11:30,5.76
1/10/02,12:00,5.76
1/10/02,12:30,5.76
1/10/02,13:00,5.76
1/10/02,13:30,5.61
1/10/02,14:00,5.61
1/10/02,14:30,5.61
1/10/02,15:00,5.61
1/10/02,15:30,5.61
1/10/02,16:00,5.61
1/10/02,16:30,5.61
1/10/02,17:00,5.61
1/10/02,17:30,5.61
1/10/02,18:00,5.61
1/10/02,18:30,5.61
1/10/02,19:00,5.61
1/10/02,19:30,5.76
1/10/02,20:00,5.76
1/10/02,20:30,5.76
1/10/02,21:00,5.76
1/10/02,21:30,6.23
1/10/02,22:00,6.07
1/10/02,22:30,5.76
1/10/02,23:00,5.76
1/10/02,23:30,5.61
1/11/02,0:00,5.61
1/11/02,0:30,5.61
1/11/02,1:00,5.61
1/11/02,1:30,5.76
1/11/02,2:00,5.61
1/11/02,2:30,5.76
1/11/02,3:00,5.76
1/11/02,3:30,5.76
1/11/02,4:00,5.76
1/11/02,4:30,5.76
1/11/02,5:00,5.76
1/11/02,5:30,5.92
1/11/02,6:00,5.92
1/11/02,6:30,5.76
1/11/02,7:00,5.76
1/11/02,7:30,5.76
1/11/02,8:00,5.76
1/11/02,8:30,5.76
1/11/02,9:00,5.76
1/11/02,9:30,5.76
1/11/02,10:00,5.76
1/11/02,10:30,5.76
1/11/02,11:00,5.76
1/11/02,11:30,5.92
1/11/02,12:00,5.92
1/11/02,12:30,5.92
1/11/02,13:00,5.76
1/11/02,13:30,5.76
1/11/02,14:00,5.76
1/11/02,14:30,5.76
1/11/02,15:00,5.76
1/11/02,15:30,5.92
1/11/02,16:00,5.92
1/11/02,16:30,5.92
1/11/02,17:00,5.92
1/11/02,17:30,5.92
1/11/02,18:00,5.92
1/11/02,18:30,5.92
1/11/02,19:00,5.76
1/11/02,19:30,5.76
1/11/02,20:00,5.76
1/11/02,20:30,5.76
1/11/02,21:00,5.76
1/11/02,21:30,5.76
1/11/02,22:00,5.92
1/11/02,22:30,5.92
1/11/02,23:00,5.92
1/11/02,23:30,5.92
1/12/02,0:00,5.76
1/12/02,0:30,5.76
1/12/02,1:00,5.76
1/12/02,1:30,5.92
1/12/02,2:00,5.92
1/12/02,2:30,5.76
1/12/02,3:00,5.76
1/12/02,3:30,5.92
1/12/02,4:00,5.92
1/12/02,4:30,5.92
1/12/02,5:00,5.92
1/12/02,5:30,5.92
1/12/02,6:00,5.92
1/12/02,6:30,5.92
1/12/02,7:00,5.92
1/12/02,7:30,5.92
1/12/02,8:00,5.92
1/12/02,8:30,5.92
1/12/02,9:00,5.92
1/12/02,9:30,5.92
1/12/02,10:00,5.92
1/12/02,10:30,5.92
1/12/02,11:00,5.92
1/12/02,11:30,5.92
1/12/02,12:00,5.92
1/12/02,12:30,5.92
1/12/02,13:00,5.92
1/12/02,13:30,5.92
1/12/02,14:00,5.92
1/12/02,14:30,5.92
1/12/02,15:00,5.92
1/12/02,15:30,5.92
1/12/02,16:00,5.92
1/12/02,16:30,5.92
1/12/02,17:00,5.92
1/12/02,17:30,5.92
1/12/02,18:00,5.92
1/12/02,18:30,5.92
1/12/02,19:00,5.92
1/12/02,19:30,5.92
1/12/02,20:00,5.92
1/12/02,20:30,5.92
1/12/02,21:00,5.92
1/12/02,21:30,5.92
1/12/02,22:00,5.92
1/12/02,22:30,5.92
1/12/02,23:00,5.92
1/12/02,23:30,5.92
1/13/02,0:00,5.92
1/13/02,0:30,5.92
1/13/02,1:00,5.92
1/13/02,1:30,5.92
1/13/02,2:00,5.92
1/13/02,2:30,5.92
1/13/02,3:00,5.92
1/13/02,3:30,5.92
1/13/02,4:00,6.07
1/13/02,4:30,6.07
1/13/02,5:00,6.07
1/13/02,5:30,6.07
1/13/02,6:00,5.92
1/13/02,6:30,5.92
1/13/02,7:00,5.92
1/13/02,7:30,5.92
1/13/02,8:00,6.07
1/13/02,8:30,5.92
1/13/02,9:00,5.92
1/13/02,9:30,5.92
1/13/02,10:00,5.92
1/13/02,10:30,5.92
1/13/02,11:00,5.92
1/13/02,11:30,5.92
1/13/02,12:00,6.07
1/13/02,12:30,6.07
1/13/02,13:00,6.07
1/13/02,13:30,6.07
1/13/02,14:00,6.07
1/13/02,14:30,5.92
1/13/02,15:00,5.92
1/13/02,15:30,5.92
1/13/02,16:00,5.92
1/13/02,16:30,5.92
1/13/02,17:00,5.92
1/13/02,17:30,5.92
1/13/02,18:00,5.92
1/13/02,18:30,6.07
1/13/02,19:00,5.92
1/13/02,19:30,5.92
1/13/02,20:00,6.07
1/13/02,20:30,5.92
1/13/02,21:00,5.92
1/13/02,21:30,5.92
1/13/02,22:00,5.92
1/13/02,22:30,5.92
1/13/02,23:00,5.92
1/13/02,23:30,5.92
1/14/02,0:00,5.92
1/14/02,0:30,5.92
1/14/02,1:00,5.92
1/14/02,1:30,5.92
1/14/02,2:00,5.92
1/14/02,2:30,5.92
1/14/02,3:00,5.92
1/14/02,3:30,5.92
1/14/02,4:00,5.92
1/14/02,4:30,5.92
1/14/02,5:00,5.92
1/14/02,5:30,5.92
1/14/02,6:00,5.92
1/14/02,6:30,5.92
1/14/02,7:00,5.92
1/14/02,7:30,5.92
1/14/02,8:00,5.92
1/14/02,8:30,5.92
1/14/02,9:00,5.92
1/14/02,9:30,5.92
1/14/02,10:00,5.92
1/14/02,10:30,5.92
1/14/02,11:00,5.92
1/14/02,11:30,5.92
1/14/02,12:00,5.92
1/14/02,12:30,5.92
1/14/02,13:00,5.92
1/14/02,13:30,5.76
1/14/02,14:00,5.92
1/14/02,14:30,5.76
1/14/02,15:00,5.76
1/14/02,15:30,5.76
1/14/02,16:00,5.76
1/14/02,16:30,5.76
1/14/02,17:00,5.76
1/14/02,17:30,5.76
1/14/02,18:00,5.92
1/14/02,18:30,5.92
1/14/02,19:00,5.92
1/14/02,19:30,5.92
1/14/02,20:00,5.92
1/14/02,20:30,5.92
1/14/02,21:00,5.92
1/14/02,21:30,5.92
1/14/02,22:00,5.92
1/14/02,22:30,5.92
1/14/02,23:00,5.92
1/14/02,23:30,5.92
1/15/02,0:00,5.92
1/15/02,0:30,5.92
1/15/02,1:00,5.92
1/15/02,1:30,5.92
1/15/02,2:00,5.92
1/15/02,2:30,5.92
1/15/02,3:00,5.92
1/15/02,3:30,6.07
1/15/02,4:00,6.07
1/15/02,4:30,5.92
1/15/02,5:00,5.92
1/15/02,5:30,5.92
1/15/02,6:00,5.92
1/15/02,6:30,5.92
1/15/02,7:00,5.92
1/15/02,7:30,5.92
1/15/02,8:00,5.92
1/15/02,8:30,5.92
1/15/02,9:00,5.92
1/15/02,9:30,5.92
1/15/02,10:00,5.92
1/15/02,10:30,5.92
1/15/02,11:00,5.92
1/15/02,11:30,5.92
1/15/02,12:00,5.76
1/15/02,12:30,5.92
1/15/02,13:00,5.76
1/15/02,13:30,5.76
1/15/02,14:00,5.76
1/15/02,14:30,5.92
1/15/02,15:00,5.76
1/15/02,15:30,5.76
1/15/02,16:00,5.76
1/15/02,16:30,5.76
1/15/02,17:00,5.76
1/15/02,17:30,5.92
1/15/02,18:00,5.92
1/15/02,18:30,5.76
1/15/02,19:00,5.76
1/15/02,19:30,5.61
1/15/02,20:00,5.45
1/15/02,20:30,5.45
1/15/02,21:00,5.29
1/15/02,21:30,5.45
1/15/02,22:00,5.45
1/15/02,22:30,5.61
1/15/02,23:00,5.61
1/15/02,23:30,5.61
1/16/02,0:00,5.61
1/16/02,0:30,5.61
1/16/02,1:00,5.61
1/16/02,1:30,5.61
1/16/02,2:00,5.61
1/16/02,2:30,5.61
1/16/02,3:00,5.61
1/16/02,3:30,5.61
1/16/02,4:00,5.61
1/16/02,4:30,5.61
1/16/02,5:00,5.61
1/16/02,5:30,5.61
1/16/02,6:00,5.61
1/16/02,6:30,5.61
1/16/02,7:00,5.61
1/16/02,7:30,5.76
1/16/02,8:00,5.76
1/16/02,8:30,5.76
1/16/02,9:00,5.61
1/16/02,9:30,5.61
1/16/02,10:00,5.61
1/16/02,10:30,5.61
1/16/02,11:00,5.61
1/16/02,11:30,5.76
1/16/02,12:00,5.76
1/16/02,12:30,5.76
1/16/02,13:00,5.61
1/16/02,13:30,5.61
1/16/02,14:00,5.61
1/16/02,14:30,5.61
1/16/02,15:00,5.61
1/16/02,15:30,5.61
1/16/02,16:00,5.76
1/16/02,16:30,5.61
1/16/02,17:00,5.76
1/16/02,17:30,5.61
1/16/02,18:00,5.76
1/16/02,18:30,5.76
1/16/02,19:00,5.76
1/16/02,19:30,5.76
1/16/02,20:00,5.61
1/16/02,20:30,5.61
1/16/02,21:00,5.45
1/16/02,21:30,5.61
1/16/02,22:00,5.14
1/16/02,22:30,5.14
1/16/02,23:00,5.14
1/16/02,23:30,5.45
1/17/02,0:00,5.45
1/17/02,0:30,5.45
1/17/02,1:00,5.61
1/17/02,1:30,5.76
1/17/02,2:00,5.76
1/17/02,2:30,5.76
1/17/02,3:00,5.76
1/17/02,3:30,5.76
1/17/02,4:00,5.76
1/17/02,4:30,5.76
1/17/02,5:00,5.76
1/17/02,5:30,5.76
1/17/02,6:00,5.61
1/17/02,6:30,5.61
1/17/02,7:00,5.61
1/17/02,7:30,5.61
1/17/02,8:00,5.61
1/17/02,8:30,5.61
1/17/02,9:00,5.45
1/17/02,9:30,5.45
1/17/02,10:00,5.61
1/17/02,10:30,5.76
1/17/02,11:00,5.76
1/17/02,11:30,5.76
1/17/02,12:00,5.76
1/17/02,12:30,5.76
1/17/02,13:00,5.76
1/17/02,13:30,5.61
1/17/02,14:00,5.61
1/17/02,14:30,5.61
1/17/02,15:00,5.61
1/17/02,15:30,5.61
1/17/02,16:00,5.45
1/17/02,16:30,5.45
1/17/02,17:00,5.29
1/17/02,17:30,5.29
1/17/02,18:00,5.29
1/17/02,18:30,5.29
1/17/02,19:00,5.45
1/17/02,19:30,5.45
1/17/02,20:00,5.45
1/17/02,20:30,5.45
1/17/02,21:00,5.45
1/17/02,21:30,5.45
1/17/02,22:00,5.45
1/17/02,22:30,5.45
1/17/02,23:00,5.61
1/17/02,23:30,5.61
1/18/02,0:00,5.61
1/18/02,0:30,5.61
1/18/02,1:00,5.61
1/18/02,1:30,5.45
1/18/02,2:00,5.45
1/18/02,2:30,5.45
1/18/02,3:00,5.61
1/18/02,3:30,5.61
1/18/02,4:00,5.61
1/18/02,4:30,5.61
1/18/02,5:00,5.61
1/18/02,5:30,5.45
1/18/02,6:00,5.61
1/18/02,6:30,5.45
1/18/02,7:00,5.45
1/18/02,7:30,5.45
1/18/02,8:00,5.61
1/18/02,8:30,5.45
1/18/02,9:00,5.45
1/18/02,9:30,5.29
1/18/02,10:00,5.29
1/18/02,10:30,5.45
1/18/02,11:00,5.29
1/18/02,11:30,5.45
1/18/02,12:00,5.45
1/18/02,12:30,5.45
1/18/02,13:00,5.45
1/18/02,13:30,5.61
1/18/02,14:00,5.61
1/18/02,14:30,5.45
1/18/02,15:00,5.45
1/18/02,15:30,5.61
1/18/02,16:00,5.61
1/18/02,16:30,5.61
1/18/02,17:00,5.61
1/18/02,17:30,5.61
1/18/02,18:00,5.61
1/18/02,18:30,5.61
1/18/02,19:00,5.45
1/18/02,19:30,5.45
1/18/02,20:00,5.45
1/18/02,20:30,5.45
1/18/02,21:00,5.45
1/18/02,21:30,5.45
1/18/02,22:00,5.45
1/18/02,22:30,5.45
1/18/02,23:00,5.45
1/18/02,23:30,5.45
1/19/02,0:00,5.61
1/19/02,0:30,5.76
1/19/02,1:00,5.76
1/19/02,1:30,5.76
1/19/02,2:00,5.76
1/19/02,2:30,5.76
1/19/02,3:00,5.76
1/19/02,3:30,5.76
1/19/02,4:00,5.76
1/19/02,4:30,5.76
1/19/02,5:00,5.76
1/19/02,5:30,5.76
1/19/02,6:00,5.76
1/19/02,6:30,5.76
1/19/02,7:00,5.76
1/19/02,7:30,5.76
1/19/02,8:00,5.76
1/19/02,8:30,5.76
1/19/02,9:00,5.76
1/19/02,9:30,5.61
1/19/02,10:00,5.76
1/19/02,10:30,5.76
1/19/02,11:00,5.76
1/19/02,11:30,5.76
1/19/02,12:00,5.76
1/19/02,12:30,5.76
1/19/02,13:00,5.76
1/19/02,13:30,5.76
1/19/02,14:00,5.76
1/19/02,14:30,5.76
1/19/02,15:00,5.76
1/19/02,15:30,5.76
1/19/02,16:00,5.76
1/19/02,16:30,5.61
1/19/02,17:00,5.61
1/19/02,17:30,5.61
1/19/02,18:00,5.61
1/19/02,18:30,5.61
1/19/02,19:00,5.61
1/19/02,19:30,5.61
1/19/02,20:00,5.61
1/19/02,20:30,5.61
1/19/02,21:00,5.61
1/19/02,21:30,5.61
1/19/02,22:00,5.61
1/19/02,22:30,5.61
1/19/02,23:00,5.61
1/19/02,23:30,5.61
1/20/02,0:00,5.61
1/20/02,0:30,5.61
1/20/02,1:00,5.61
1/20/02,1:30,5.61
1/20/02,2:00,5.61
1/20/02,2:30,5.61
1/20/02,3:00,5.61
1/20/02,3:30,5.61
1/20/02,4:00,5.61
1/20/02,4:30,5.61
1/20/02,5:00,5.61
1/20/02,5:30,5.61
1/20/02,6:00,5.61
1/20/02,6:30,5.61
1/20/02,7:00,5.61
1/20/02,7:30,5.61
1/20/02,8:00,5.61
1/20/02,8:30,5.61
1/20/02,9:00,5.61
1/20/02,9:30,5.61
1/20/02,10:00,5.61
1/20/02,10:30,5.61
1/20/02,11:00,5.61
1/20/02,11:30,5.61
1/20/02,12:00,5.61
1/20/02,12:30,5.61
1/20/02,13:00,5.61
1/20/02,13:30,5.61
1/20/02,14:00,5.61
1/20/02,14:30,5.45
1/20/02,15:00,5.61
1/20/02,15:30,5.61
1/20/02,16:00,5.61
1/20/02,16:30,5.61
1/20/02,17:00,5.61
1/20/02,17:30,5.45
1/20/02,18:00,5.45
1/20/02,18:30,5.45
1/20/02,19:00,5.45
1/20/02,19:30,5.45
1/20/02,20:00,5.45
1/20/02,20:30,5.45
1/20/02,21:00,5.45
1/20/02,21:30,5.45
1/20/02,22:00,5.45
1/20/02,22:30,5.45
1/20/02,23:00,5.45
1/20/02,23:30,5.45
1/21/02,0:00,5.45
1/21/02,0:30,5.45
1/21/02,1:00,5.45
1/21/02,1:30,5.45
1/21/02,2:00,5.45
1/21/02,2:30,5.45
1/21/02,3:00,5.45
1/21/02,3:30,5.45
1/21/02,4:00,5.45
1/21/02,4:30,5.45
1/21/02,5:00,5.45
1/21/02,5:30,5.45
1/21/02,6:00,5.45
1/21/02,6:30,5.45
1/21/02,7:00,5.45
1/21/02,7:30,5.45
1/21/02,8:00,5.45
1/21/02,8:30,5.45
1/21/02,9:00,5.45
1/21/02,9:30,5.45
1/21/02,10:00,5.45
1/21/02,10:30,5.45
1/21/02,11:00,5.45
1/21/02,11:30,5.45
1/21/02,12:00,5.45
1/21/02,12:30,5.45
1/21/02,13:00,5.45
1/21/02,13:30,5.45
1/21/02,14:00,5.45
1/21/02,14:30,5.29
1/21/02,15:00,5.29
1/21/02,15:30,5.29
1/21/02,16:00,5.45
1/21/02,16:30,5.45
1/21/02,17:00,5.45
1/21/02,17:30,5.45
1/21/02,18:00,5.45
1/21/02,18:30,5.45
1/21/02,19:00,5.45
1/21/02,19:30,5.45
1/21/02,20:00,5.45
1/21/02,20:30,5.45
1/21/02,21:00,5.45
1/21/02,21:30,5.45
1/21/02,22:00,5.45
1/21/02,22:30,5.29
1/21/02,23:00,5.29
1/21/02,23:30,5.29
1/22/02,0:00,5.29
1/22/02,0:30,5.29
1/22/02,1:00,5.29
1/22/02,1:30,5.29
1/22/02,2:00,5.29
1/22/02,2:30,5.29
1/22/02,3:00,5.29
1/22/02,3:30,5.29
1/22/02,4:00,5.29
1/22/02,4:30,5.29
1/22/02,5:00,5.29
1/22/02,5:30,5.29
1/22/02,6:00,5.29
1/22/02,6:30,5.29
1/22/02,7:00,5.29
1/22/02,7:30,5.29
1/22/02,8:00,5.29
1/22/02,8:30,5.29
1/22/02,9:00,5.29
1/22/02,9:30,5.29
1/22/02,10:00,5.29
1/22/02,10:30,5.29
1/22/02,11:00,5.29
1/22/02,11:30,5.29
1/22/02,12:00,5.29
1/22/02,12:30,5.29
1/22/02,13:00,5.29
1/22/02,13:30,5.29
1/22/02,14:00,5.29
1/22/02,14:30,5.29
1/22/02,15:00,5.29
1/22/02,15:30,5.29
1/22/02,16:00,5.29
1/22/02,16:30,5.29
1/22/02,17:00,5.29
1/22/02,17:30,5.29
1/22/02,18:00,5.29
1/22/02,18:30,5.29
1/22/02,19:00,5.29
1/22/02,19:30,5.29
1/22/02,20:00,5.45
1/22/02,20:30,5.45
1/22/02,21:00,5.61
1/22/02,21:30,5.61
1/22/02,22:00,5.45
1/22/02,22:30,5.45
1/22/02,23:00,5.29
1/22/02,23:30,5.29
1/23/02,0:00,5.29
1/23/02,0:30,5.29
1/23/02,1:00,5.29
1/23/02,1:30,5.29
1/23/02,2:00,5.29
1/23/02,2:30,5.29
1/23/02,3:00,5.29
1/23/02,3:30,5.29
1/23/02,4:00,5.29
1/23/02,4:30,5.29
1/23/02,5:00,5.29
1/23/02,5:30,5.29
1/23/02,6:00,5.29
1/23/02,6:30,5.29
1/23/02,7:00,5.29
1/23/02,7:30,5.29
1/23/02,8:00,5.29
1/23/02,8:30,5.29
1/23/02,9:00,5.29
1/23/02,9:30,5.14
1/23/02,10:00,5.14
1/23/02,10:30,5.14
1/23/02,11:00,5.29
1/23/02,11:30,5.29
1/23/02,12:00,5.29
1/23/02,12:30,5.45
1/23/02,13:00,5.45
1/23/02,13:30,5.45
1/23/02,14:00,5.45
1/23/02,14:30,5.45
1/23/02,15:00,5.45
1/23/02,15:30,5.45
1/23/02,16:00,5.45
1/23/02,16:30,5.45
1/23/02,17:00,5.45
1/23/02,17:30,5.45
1/23/02,18:00,5.45
1/23/02,18:30,5.61
1/23/02,19:00,5.61
1/23/02,19:30,5.61
1/23/02,20:00,5.61
1/23/02,20:30,5.61
1/23/02,21:00,5.61
1/23/02,21:30,5.61
1/23/02,22:00,5.61
1/23/02,22:30,5.61
1/23/02,23:00,5.61
1/23/02,23:30,5.61
1/24/02,0:00,5.61
1/24/02,0:30,5.61
1/24/02,1:00,5.61
1/24/02,1:30,5.61
1/24/02,2:00,5.61
1/24/02,2:30,5.61
1/24/02,3:00,5.61
1/24/02,3:30,5.61
1/24/02,4:00,5.61
1/24/02,4:30,5.61
1/24/02,5:00,5.61
1/24/02,5:30,5.61
1/24/02,6:00,5.61
1/24/02,6:30,5.61
1/24/02,7:00,5.61
1/24/02,7:30,5.61
1/24/02,8:00,5.61
1/24/02,8:30,5.45
1/24/02,9:00,5.61
1/24/02,9:30,5.45
1/24/02,10:00,5.45
1/24/02,10:30,5.45
1/24/02,11:00,5.29
1/24/02,11:30,5.29
1/24/02,12:00,5.45
1/24/02,12:30,5.29
1/24/02,13:00,5.29
1/24/02,13:30,5.29
1/24/02,14:00,5.29
1/24/02,14:30,5.29
1/24/02,15:00,5.29
1/24/02,15:30,5.29
1/24/02,16:00,5.29
1/24/02,16:30,5.45
1/24/02,17:00,5.45
1/24/02,17:30,5.29
1/24/02,18:00,5.14
1/24/02,18:30,5.14
1/24/02,19:00,5.14
1/24/02,19:30,5.14
1/24/02,20:00,5.14
1/24/02,20:30,5.14
1/24/02,21:00,5.14
1/24/02,21:30,5.14
1/24/02,22:00,5.14
1/24/02,22:30,5.29
1/24/02,23:00,5.14
1/24/02,23:30,5.14
1/25/02,0:00,5.14
1/25/02,0:30,4.98
1/25/02,1:00,5.14
1/25/02,1:30,4.98
1/25/02,2:00,5.14
1/25/02,2:30,5.14
1/25/02,3:00,5.14
1/25/02,3:30,5.29
1/25/02,4:00,5.29
1/25/02,4:30,5.29
1/25/02,5:00,5.29
1/25/02,5:30,5.29
1/25/02,6:00,5.29
1/25/02,6:30,5.29
1/25/02,7:00,5.29
1/25/02,7:30,5.29
1/25/02,8:00,5.29
1/25/02,8:30,5.29
1/25/02,9:00,5.29
1/25/02,9:30,5.29
1/25/02,10:00,5.29
1/25/02,10:30,5.29
1/25/02,11:00,5.29
1/25/02,11:30,5.29
1/25/02,12:00,5.29
1/25/02,12:30,5.29
1/25/02,13:00,5.29
1/25/02,13:30,5.14
1/25/02,14:00,5.29
1/25/02,14:30,5.29
1/25/02,15:00,5.29
1/25/02,15:30,5.29
1/25/02,16:00,5.29
1/25/02,16:30,5.29
1/25/02,17:00,5.29
1/25/02,17:30,5.29
1/25/02,18:00,5.29
1/25/02,18:30,5.29
1/25/02,19:00,5.29
1/25/02,19:30,5.29
1/25/02,20:00,5.14
1/25/02,20:30,5.14
1/25/02,21:00,5.14
1/25/02,21:30,5.14
1/25/02,22:00,5.14
1/25/02,22:30,5.29
1/25/02,23:00,5.29
1/25/02,23:30,5.45
1/26/02,0:00,5.45
1/26/02,0:30,5.45
1/26/02,1:00,5.29
1/26/02,1:30,5.14
1/26/02,2:00,5.14
1/26/02,2:30,5.14
1/26/02,3:00,5.14
1/26/02,3:30,5.14
1/26/02,4:00,5.14
1/26/02,4:30,5.14
1/26/02,5:00,5.14
1/26/02,5:30,5.14
1/26/02,6:00,5.14
1/26/02,6:30,5.14
1/26/02,7:00,5.14
1/26/02,7:30,5.14
1/26/02,8:00,5.29
1/26/02,8:30,5.29
1/26/02,9:00,5.29
1/26/02,9:30,5.45
1/26/02,10:00,5.29
1/26/02,10:30,5.14
1/26/02,11:00,5.14
1/26/02,11:30,5.14
1/26/02,12:00,5.14
1/26/02,12:30,5.45
1/26/02,13:00,5.45
1/26/02,13:30,5.45
1/26/02,14:00,5.29
1/26/02,14:30,5.29
1/26/02,15:00,5.29
1/26/02,15:30,5.29
1/26/02,16:00,5.29
1/26/02,16:30,5.29
1/26/02,17:00,5.29
1/26/02,17:30,5.29
1/26/02,18:00,5.61
1/26/02,18:30,5.61
1/26/02,19:00,5.45
1/26/02,19:30,5.45
1/26/02,20:00,5.45
1/26/02,20:30,5.45
1/26/02,21:00,5.45
1/26/02,21:30,5.45
1/26/02,22:00,5.45
1/26/02,22:30,5.45
1/26/02,23:00,5.29
1/26/02,23:30,5.45
1/27/02,0:00,5.45
1/27/02,0:30,5.45
1/27/02,1:00,5.45
1/27/02,1:30,5.45
1/27/02,2:00,5.45
1/27/02,2:30,5.45
1/27/02,3:00,5.45
1/27/02,3:30,5.45
1/27/02,4:00,5.45
1/27/02,4:30,5.45
1/27/02,5:00,5.45
1/27/02,5:30,5.45
1/27/02,6:00,5.29
1/27/02,6:30,5.45
1/27/02,7:00,5.45
1/27/02,7:30,5.29
1/27/02,8:00,5.29
1/27/02,8:30,5.29
1/27/02,9:00,5.29
1/27/02,9:30,5.45
1/27/02,10:00,5.45
1/27/02,10:30,5.45
1/27/02,11:00,5.45
1/27/02,11:30,5.45
1/27/02,12:00,5.45
1/27/02,12:30,5.45
1/27/02,13:00,5.45
1/27/02,13:30,5.45
1/27/02,14:00,5.45
1/27/02,14:30,5.45
1/27/02,15:00,5.45
1/27/02,15:30,5.45
1/27/02,16:00,5.61
1/27/02,16:30,5.61
1/27/02,17:00,5.61
1/27/02,17:30,5.61
1/27/02,18:00,5.61
1/27/02,18:30,5.45
1/27/02,19:00,5.45
1/27/02,19:30,5.45
1/27/02,20:00,5.45
1/27/02,20:30,5.45
1/27/02,21:00,5.45
1/27/02,21:30,5.45
1/27/02,22:00,5.45
1/27/02,22:30,5.45
1/27/02,23:00,5.45
1/27/02,23:30,5.45
1/28/02,0:00,5.45
1/28/02,0:30,5.45
1/28/02,1:00,5.45
1/28/02,1:30,5.45
1/28/02,2:00,5.45
1/28/02,2:30,5.45
1/28/02,3:00,5.45
1/28/02,3:30,5.45
1/28/02,4:00,5.45
1/28/02,4:30,5.29
1/28/02,5:00,5.29
1/28/02,5:30,5.29
1/28/02,6:00,5.45
1/28/02,6:30,5.45
1/28/02,7:00,5.45
1/28/02,7:30,5.45
1/28/02,8:00,5.29
1/28/02,8:30,5.29
1/28/02,9:00,5.29
1/28/02,9:30,5.45
1/28/02,10:00,5.45
1/28/02,10:30,5.45
1/28/02,11:00,5.45
1/28/02,11:30,5.45
1/28/02,12:00,5.45
1/28/02,12:30,5.45
1/28/02,13:00,5.45
1/28/02,13:30,5.45
1/28/02,14:00,5.45
1/28/02,14:30,5.45
1/28/02,15:00,5.45
1/28/02,15:30,5.45
1/28/02,16:00,5.45
1/28/02,16:30,5.45
1/28/02,17:00,5.45
1/28/02,17:30,5.45
1/28/02,18:00,5.45
1/28/02,18:30,5.45
1/28/02,19:00,5.45
1/28/02,19:30,5.45
1/28/02,20:00,5.45
1/28/02,20:30,5.45
1/28/02,21:00,5.45
1/28/02,21:30,5.45
1/28/02,22:00,5.45
1/28/02,22:30,5.45
1/28/02,23:00,5.45
1/28/02,23:30,5.45
1/29/02,0:00,5.45
1/29/02,0:30,5.45
1/29/02,1:00,5.29
1/29/02,1:30,5.29
1/29/02,2:00,5.29
1/29/02,2:30,5.29
1/29/02,3:00,5.45
1/29/02,3:30,5.45
1/29/02,4:00,5.45
1/29/02,4:30,5.45
1/29/02,5:00,5.45
1/29/02,5:30,5.45
1/29/02,6:00,5.45
1/29/02,6:30,5.45
1/29/02,7:00,5.61
1/29/02,7:30,5.45
1/29/02,8:00,5.45
1/29/02,8:30,5.45
1/29/02,9:00,5.45
1/29/02,9:30,5.45
1/29/02,10:00,5.61
1/29/02,10:30,5.61
1/29/02,11:00,5.61
1/29/02,11:30,5.45
1/29/02,12:00,5.61
1/29/02,12:30,5.61
1/29/02,13:00,5.61
1/29/02,13:30,5.45
1/29/02,14:00,5.45
1/29/02,14:30,5.61
1/29/02,15:00,5.61
1/29/02,15:30,5.45
1/29/02,16:00,5.45
1/29/02,16:30,5.61
1/29/02,17:00,5.61
1/29/02,17:30,5.45
1/29/02,18:00,5.45
1/29/02,18:30,5.45
1/29/02,19:00,5.76
1/29/02,19:30,5.61
1/29/02,20:00,5.45
1/29/02,20:30,5.45
1/29/02,21:00,5.45
1/29/02,21:30,5.45
1/29/02,22:00,5.45
1/29/02,22:30,5.45
1/29/02,23:00,5.45
1/29/02,23:30,5.61
1/30/02,0:00,5.45
1/30/02,0:30,5.45
1/30/02,1:00,5.45
1/30/02,1:30,5.61
1/30/02,2:00,5.45
1/30/02,2:30,5.45
1/30/02,3:00,5.61
1/30/02,3:30,5.61
1/30/02,4:00,5.45
1/30/02,4:30,5.45
1/30/02,5:00,5.45
1/30/02,5:30,5.45
1/30/02,6:00,5.45
1/30/02,6:30,5.45
1/30/02,7:00,5.45
1/30/02,7:30,5.45
1/30/02,8:00,5.61
1/30/02,8:30,5.45
1/30/02,9:00,5.45
1/30/02,9:30,5.45
1/30/02,10:00,5.45
1/30/02,10:30,5.61
1/30/02,11:00,5.61
1/30/02,11:30,5.61
1/30/02,12:00,5.61
1/30/02,12:30,5.45
1/30/02,13:00,5.45
1/30/02,13:30,5.45
1/30/02,14:00,5.45
1/30/02,14:30,5.61
1/30/02,15:00,5.45
1/30/02,15:30,5.45
1/30/02,16:00,5.45
1/30/02,16:30,5.45
1/30/02,17:00,5.45
1/30/02,17:30,5.45
1/30/02,18:00,5.45
1/30/02,18:30,5.45
1/30/02,19:00,5.45
1/30/02,19:30,5.29
1/30/02,20:00,5.29
1/30/02,20:30,5.45
1/30/02,21:00,5.45
1/30/02,21:30,5.29
1/30/02,22:00,5.29
1/30/02,22:30,5.45
1/30/02,23:00,5.45
1/30/02,23:30,5.45
1/31/02,0:00,5.45
1/31/02,0:30,5.45
1/31/02,1:00,5.61
1/31/02,1:30,5.45
1/31/02,2:00,5.61
1/31/02,2:30,5.45
1/31/02,3:00,5.29
1/31/02,3:30,5.29
1/31/02,4:00,5.45
1/31/02,4:30,5.29
1/31/02,5:00,5.29
1/31/02,5:30,5.29
1/31/02,6:00,5.29
1/31/02,6:30,5.29
1/31/02,7:00,5.29
1/31/02,7:30,5.45
1/31/02,8:00,5.29
1/31/02,8:30,5.29
1/31/02,9:00,5.29
1/31/02,9:30,5.29
1/31/02,10:00,5.29
1/31/02,10:30,5.29
1/31/02,11:00,5.14
1/31/02,11:30,5.14
1/31/02,12:00,4.98
1/31/02,12:30,4.98
1/31/02,13:00,4.98
1/31/02,13:30,4.98
1/31/02,14:00,4.98
1/31/02,14:30,4.98
1/31/02,15:00,5.14
1/31/02,15:30,5.14
1/31/02,16:00,4.98
1/31/02,16:30,4.98
1/31/02,17:00,5.14
1/31/02,17:30,5.14
1/31/02,18:00,5.14
1/31/02,18:30,5.14
1/31/02,19:00,5.14
1/31/02,19:30,5.14
1/31/02,20:00,5.14
1/31/02,20:30,5.14
1/31/02,21:00,5.14
1/31/02,21:30,5.14
1/31/02,22:00,5.14
1/31/02,22:30,5.14
1/31/02,23:00,4.98
1/31/02,23:30,4.98
2/1/02,0:00,4.98
2/1/02,0:30,4.98
2/1/02,1:00,4.98
2/1/02,1:30,4.98
2/1/02,2:00,4.98
2/1/02,2:30,4.98
2/1/02,3:00,4.98
2/1/02,3:30,4.98
2/1/02,4:00,4.98
2/1/02,4:30,4.98
2/1/02,5:00,5.14
2/1/02,5:30,4.98
2/1/02,6:00,4.98
2/1/02,6:30,4.98
2/1/02,7:00,4.98
2/1/02,7:30,4.98
2/1/02,8:00,4.98
2/1/02,8:30,4.98
2/1/02,9:00,5.14
2/1/02,9:30,4.98
2/1/02,10:00,4.98
2/1/02,10:30,4.98
2/1/02,11:00,5.14
2/1/02,11:30,4.98
2/1/02,12:00,4.98
2/1/02,12:30,4.98
2/1/02,13:00,4.98
2/1/02,13:30,4.98
2/1/02,14:00,4.98
2/1/02,14:30,4.98
2/1/02,15:00,4.98
2/1/02,15:30,5.14
2/1/02,16:00,5.14
2/1/02,16:30,5.14
2/1/02,17:00,4.98
2/1/02,17:30,5.14
2/1/02,18:00,5.14
2/1/02,18:30,5.14
2/1/02,19:00,4.98
2/1/02,19:30,4.98
2/1/02,20:00,5.14
2/1/02,20:30,5.14
2/1/02,21:00,5.14
2/1/02,21:30,5.14
2/1/02,22:00,5.14
2/1/02,22:30,5.14
2/1/02,23:00,5.14
2/1/02,23:30,5.14
2/2/02,0:00,4.98
2/2/02,0:30,4.98
2/2/02,1:00,4.98
2/2/02,1:30,5.14
2/2/02,2:00,5.14
2/2/02,2:30,5.29
2/2/02,3:00,5.29
2/2/02,3:30,5.61
2/2/02,4:00,5.61
2/2/02,4:30,5.61
2/2/02,5:00,5.61
2/2/02,5:30,5.14
2/2/02,6:00,4.98
2/2/02,6:30,4.98
2/2/02,7:00,4.98
2/2/02,7:30,5.14
2/2/02,8:00,4.98
2/2/02,8:30,4.98
2/2/02,9:00,5.14
2/2/02,9:30,5.14
2/2/02,10:00,5.29
2/2/02,10:30,5.45
2/2/02,11:00,5.92
2/2/02,11:30,5.61
2/2/02,12:00,5.61
2/2/02,12:30,5.61
2/2/02,13:00,5.45
2/2/02,13:30,5.45
2/2/02,14:00,5.29
2/2/02,14:30,5.29
2/2/02,15:00,5.29
2/2/02,15:30,5.29
2/2/02,16:00,5.14
2/2/02,16:30,5.14
2/2/02,17:00,5.14
2/2/02,17:30,4.98
2/2/02,18:00,4.98
2/2/02,18:30,4.98
2/2/02,19:00,4.98
2/2/02,19:30,4.98
2/2/02,20:00,4.98
2/2/02,20:30,5.14
2/2/02,21:00,4.98
2/2/02,21:30,4.98
2/2/02,22:00,4.98
2/2/02,22:30,5.14
2/2/02,23:00,4.98
2/2/02,23:30,5.14
2/3/02,0:00,4.98
2/3/02,0:30,4.82
2/3/02,1:00,5.14
2/3/02,1:30,4.98
2/3/02,2:00,4.82
2/3/02,2:30,4.82
2/3/02,3:00,4.98
2/3/02,3:30,5.14
2/3/02,4:00,4.98
2/3/02,4:30,4.98
2/3/02,5:00,4.98
2/3/02,5:30,4.98
2/3/02,6:00,4.98
2/3/02,6:30,4.98
2/3/02,7:00,4.98
2/3/02,7:30,4.98
2/3/02,8:00,5.14
2/3/02,8:30,4.98
2/3/02,9:00,4.98
2/3/02,9:30,4.98
2/3/02,10:00,4.98
2/3/02,10:30,4.98
2/3/02,11:00,5.14
2/3/02,11:30,5.14
2/3/02,12:00,5.14
2/3/02,12:30,5.14
2/3/02,13:00,5.14
2/3/02,13:30,4.98
2/3/02,14:00,4.98
2/3/02,14:30,4.98
2/3/02,15:00,4.98
2/3/02,15:30,4.98
2/3/02,16:00,4.98
2/3/02,16:30,4.98
2/3/02,17:00,4.98
2/3/02,17:30,4.98
2/3/02,18:00,4.98
2/3/02,18:30,4.98
2/3/02,19:00,5.14
2/3/02,19:30,4.98
2/3/02,20:00,4.98
2/3/02,20:30,4.98
2/3/02,21:00,4.98
2/3/02,21:30,4.98
2/3/02,22:00,4.98
2/3/02,22:30,4.98
2/3/02,23:00,4.98
2/3/02,23:30,4.98
2/4/02,0:00,4.98
2/4/02,0:30,4.98
2/4/02,1:00,4.98
2/4/02,1:30,5.14
2/4/02,2:00,5.14
2/4/02,2:30,5.14
2/4/02,3:00,5.14
2/4/02,3:30,4.98
2/4/02,4:00,5.14
2/4/02,4:30,5.29
2/4/02,5:00,5.29
2/4/02,5:30,5.14
2/4/02,6:00,5.29
2/4/02,6:30,5.14
2/4/02,7:00,5.14
2/4/02,7:30,5.29
2/4/02,8:00,5.29
2/4/02,8:30,5.29
2/4/02,9:00,5.14
2/4/02,9:30,5.14
2/4/02,10:00,5.14
2/4/02,10:30,5.14
2/4/02,11:00,5.14
2/4/02,11:30,5.14
2/4/02,12:00,5.14
2/4/02,12:30,4.98
2/4/02,13:00,5.14
2/4/02,13:30,5.14
2/4/02,14:00,5.14
2/4/02,14:30,4.98
2/4/02,15:00,4.98
2/4/02,15:30,4.98
2/4/02,16:00,5.14
2/4/02,16:30,5.14
2/4/02,17:00,5.14
2/4/02,17:30,5.14
2/4/02,18:00,5.14
2/4/02,18:30,5.14
2/4/02,19:00,4.98
2/4/02,19:30,4.98
2/4/02,20:00,4.98
2/4/02,20:30,4.98
2/4/02,21:00,4.98
2/4/02,21:30,5.14
2/4/02,22:00,5.14
2/4/02,22:30,5.14
2/4/02,23:00,5.14
2/4/02,23:30,5.14
2/5/02,0:00,5.14
2/5/02,0:30,5.14
2/5/02,1:00,4.98
2/5/02,1:30,4.98
2/5/02,2:00,4.98
2/5/02,2:30,4.98
2/5/02,3:00,5.14
2/5/02,3:30,4.98
2/5/02,4:00,5.14
2/5/02,4:30,4.98
2/5/02,5:00,4.98
2/5/02,5:30,4.98
2/5/02,6:00,4.98
2/5/02,6:30,5.14
2/5/02,7:00,4.98
2/5/02,7:30,4.98
2/5/02,8:00,4.98
2/5/02,8:30,4.98
2/5/02,9:00,4.98
2/5/02,9:30,4.98
2/5/02,10:00,4.98
2/5/02,10:30,4.82
2/5/02,11:00,4.82
2/5/02,11:30,4.98
2/5/02,12:00,4.98
2/5/02,12:30,4.98
2/5/02,13:00,4.82
2/5/02,13:30,4.98
2/5/02,14:00,5.14
2/5/02,14:30,4.98
2/5/02,15:00,4.98
2/5/02,15:30,4.98
2/5/02,16:00,4.98
2/5/02,16:30,4.98
2/5/02,17:00,4.98
2/5/02,17:30,4.98
2/5/02,18:00,4.98
2/5/02,18:30,4.98
2/5/02,19:00,4.98
2/5/02,19:30,4.82
2/5/02,20:00,4.82
2/5/02,20:30,4.82
2/5/02,21:00,4.82
2/5/02,21:30,4.82
2/5/02,22:00,4.82
2/5/02,22:30,4.67
2/5/02,23:00,4.67
2/5/02,23:30,4.82
2/6/02,0:00,4.82
2/6/02,0:30,4.82
2/6/02,1:00,4.82
2/6/02,1:30,4.82
2/6/02,2:00,4.82
2/6/02,2:30,4.82
2/6/02,3:00,4.98
2/6/02,3:30,4.82
2/6/02,4:00,4.98
2/6/02,4:30,4.98
2/6/02,5:00,4.98
2/6/02,5:30,4.82
2/6/02,6:00,4.82
2/6/02,6:30,4.82
2/6/02,7:00,4.82
2/6/02,7:30,4.82
2/6/02,8:00,4.82
2/6/02,8:30,4.82
2/6/02,9:00,4.67
2/6/02,9:30,4.67
2/6/02,10:00,4.51
2/6/02,10:30,4.51
2/6/02,11:00,4.51
2/6/02,11:30,4.51
2/6/02,12:00,4.67
2/6/02,12:30,4.82
2/6/02,13:00,4.98
2/6/02,13:30,4.82
2/6/02,14:00,4.67
2/6/02,14:30,4.82
2/6/02,15:00,4.98
2/6/02,15:30,4.82
2/6/02,16:00,4.82
2/6/02,16:30,4.82
2/6/02,17:00,4.98
2/6/02,17:30,4.98
2/6/02,18:00,4.82
2/6/02,18:30,4.82
2/6/02,19:00,4.98
2/6/02,19:30,4.98
2/6/02,20:00,4.98
2/6/02,20:30,4.82
2/6/02,21:00,4.82
2/6/02,21:30,4.82
2/6/02,22:00,4.82
2/6/02,22:30,4.82
2/6/02,23:00,4.82
2/6/02,23:30,4.82
2/7/02,0:00,4.82
2/7/02,0:30,4.82
2/7/02,1:00,4.67
2/7/02,1:30,4.82
2/7/02,2:00,4.67
2/7/02,2:30,4.67
2/7/02,3:00,4.67
2/7/02,3:30,4.67
2/7/02,4:00,4.67
2/7/02,4:30,4.67
2/7/02,5:00,4.82
2/7/02,5:30,4.98
2/7/02,6:00,4.98
2/7/02,6:30,4.98
2/7/02,7:00,4.98
2/7/02,7:30,4.98
2/7/02,8:00,4.67
2/7/02,8:30,4.67
2/7/02,9:00,4.67
2/7/02,9:30,4.67
2/7/02,10:00,4.67
2/7/02,10:30,4.67
2/7/02,11:00,4.67
2/7/02,11:30,4.67
2/7/02,12:00,4.67
2/7/02,12:30,4.67
2/7/02,13:00,4.82
2/7/02,13:30,4.67
2/7/02,14:00,4.82
2/7/02,14:30,4.82
2/7/02,15:00,4.82
2/7/02,15:30,4.82
2/7/02,16:00,4.82
2/7/02,16:30,4.82
2/7/02,17:00,4.67
2/7/02,17:30,4.67
2/7/02,18:00,4.67
2/7/02,18:30,4.67
2/7/02,19:00,4.67
2/7/02,19:30,4.67
2/7/02,20:00,4.67
2/7/02,20:30,4.67
2/7/02,21:00,4.67
2/7/02,21:30,4.67
2/7/02,22:00,4.67
2/7/02,22:30,4.67
2/7/02,23:00,4.67
2/7/02,23:30,4.67
2/8/02,0:00,4.67
2/8/02,0:30,4.67
2/8/02,1:00,4.67
2/8/02,1:30,4.67
2/8/02,2:00,4.67
2/8/02,2:30,4.67
2/8/02,3:00,4.67
2/8/02,3:30,4.67
2/8/02,4:00,5.14
2/8/02,4:30,4.82
2/8/02,5:00,4.98
2/8/02,5:30,5.14
2/8/02,6:00,4.98
2/8/02,6:30,5.14
2/8/02,7:00,5.29
2/8/02,7:30,4.82
2/8/02,8:00,4.98
2/8/02,8:30,4.82
2/8/02,9:00,4.98
2/8/02,9:30,5.14
2/8/02,10:00,5.14
2/8/02,10:30,4.98
2/8/02,11:00,4.98
2/8/02,11:30,4.82
2/8/02,12:00,4.82
2/8/02,12:30,4.82
2/8/02,13:00,4.82
2/8/02,13:30,4.98
2/8/02,14:00,4.98
2/8/02,14:30,4.82
2/8/02,15:00,4.82
2/8/02,15:30,5.14
2/8/02,16:00,4.82
2/8/02,16:30,4.82
2/8/02,17:00,4.67
2/8/02,17:30,4.67
2/8/02,18:00,4.67
2/8/02,18:30,4.67
2/8/02,19:00,4.67
2/8/02,19:30,4.67
2/8/02,20:00,4.67
2/8/02,20:30,4.67
2/8/02,21:00,4.67
2/8/02,21:30,4.67
2/8/02,22:00,4.82
2/8/02,22:30,4.82
2/8/02,23:00,4.67
2/8/02,23:30,4.67
2/9/02,0:00,4.67
2/9/02,0:30,4.67
2/9/02,1:00,4.67
2/9/02,1:30,4.67
2/9/02,2:00,4.67
2/9/02,2:30,4.67
2/9/02,3:00,4.67
2/9/02,3:30,4.82
2/9/02,4:00,4.82
2/9/02,4:30,4.67
2/9/02,5:00,4.67
2/9/02,5:30,4.67
2/9/02,6:00,4.51
2/9/02,6:30,4.67
2/9/02,7:00,4.67
2/9/02,7:30,4.98
2/9/02,8:00,4.98
2/9/02,8:30,4.67
2/9/02,9:00,4.67
2/9/02,9:30,4.67
2/9/02,10:00,4.67
2/9/02,10:30,4.98
2/9/02,11:00,4.82
2/9/02,11:30,4.82
2/9/02,12:00,4.67
2/9/02,12:30,4.67
2/9/02,13:00,4.67
2/9/02,13:30,4.67
2/9/02,14:00,4.67
2/9/02,14:30,4.67
2/9/02,15:00,4.67
2/9/02,15:30,4.67
2/9/02,16:00,4.82
2/9/02,16:30,4.82
2/9/02,17:00,4.82
2/9/02,17:30,4.82
2/9/02,18:00,4.67
2/9/02,18:30,4.67
2/9/02,19:00,4.67
2/9/02,19:30,4.67
2/9/02,20:00,4.67
2/9/02,20:30,4.67
2/9/02,21:00,4.67
2/9/02,21:30,4.67
2/9/02,22:00,4.67
2/9/02,22:30,4.67
2/9/02,23:00,4.67
2/9/02,23:30,4.67
2/10/02,0:00,4.67
2/10/02,0:30,4.82
2/10/02,1:00,4.82
2/10/02,1:30,4.67
2/10/02,2:00,4.67
2/10/02,2:30,4.67
2/10/02,3:00,4.67
2/10/02,3:30,4.67
2/10/02,4:00,4.82
2/10/02,4:30,4.82
2/10/02,5:00,4.82
2/10/02,5:30,4.82
2/10/02,6:00,4.67
2/10/02,6:30,4.67
2/10/02,7:00,4.67
2/10/02,7:30,4.67
2/10/02,8:00,4.67
2/10/02,8:30,4.67
2/10/02,9:00,4.67
2/10/02,9:30,4.67
2/10/02,10:00,4.67
2/10/02,10:30,4.67
2/10/02,11:00,4.67
2/10/02,11:30,4.82
2/10/02,12:00,4.98
2/10/02,12:30,4.82
2/10/02,13:00,4.82
2/10/02,13:30,4.98
2/10/02,14:00,4.98
2/10/02,14:30,4.82
2/10/02,15:00,4.82
2/10/02,15:30,4.82
2/10/02,16:00,4.82
2/10/02,16:30,4.82
2/10/02,17:00,4.82
2/10/02,17:30,4.82
2/10/02,18:00,4.82
2/10/02,18:30,4.82
2/10/02,19:00,4.82
2/10/02,19:30,4.98
2/10/02,20:00,5.29
2/10/02,20:30,5.14
2/10/02,21:00,5.14
2/10/02,21:30,5.14
2/10/02,22:00,4.98
2/10/02,22:30,4.82
2/10/02,23:00,4.98
2/10/02,23:30,4.98
2/11/02,0:00,4.98
2/11/02,0:30,4.98
2/11/02,1:00,4.82
2/11/02,1:30,4.82
2/11/02,2:00,4.82
2/11/02,2:30,4.82
2/11/02,3:00,4.82
2/11/02,3:30,4.82
2/11/02,4:00,4.82
2/11/02,4:30,4.98
2/11/02,5:00,4.98
2/11/02,5:30,4.98
2/11/02,6:00,4.98
2/11/02,6:30,5.14
2/11/02,7:00,5.14
2/11/02,7:30,5.14
2/11/02,8:00,5.14
2/11/02,8:30,4.98
2/11/02,9:00,4.98
2/11/02,9:30,5.14
2/11/02,10:00,5.14
2/11/02,10:30,4.98
2/11/02,11:00,5.14
2/11/02,11:30,4.98
2/11/02,12:00,4.98
2/11/02,12:30,4.98
2/11/02,13:00,5.14
2/11/02,13:30,5.29
2/11/02,14:00,4.98
2/11/02,14:30,4.98
2/11/02,15:00,4.98
2/11/02,15:30,5.14
2/11/02,16:00,5.14
2/11/02,16:30,5.14
2/11/02,17:00,4.98
2/11/02,17:30,4.98
2/11/02,18:00,4.98
2/11/02,18:30,4.98
2/11/02,19:00,4.98
2/11/02,19:30,4.98
2/11/02,20:00,5.14
2/11/02,20:30,5.14
2/11/02,21:00,4.98
2/11/02,21:30,4.98
2/11/02,22:00,4.98
2/11/02,22:30,4.82
2/11/02,23:00,4.82
2/11/02,23:30,4.82
2/12/02,0:00,4.82
2/12/02,0:30,4.82
2/12/02,1:00,4.82
2/12/02,1:30,4.82
2/12/02,2:00,4.82
2/12/02,2:30,4.82
2/12/02,3:00,4.82
2/12/02,3:30,4.82
2/12/02,4:00,4.82
2/12/02,4:30,4.82
2/12/02,5:00,4.82
2/12/02,5:30,4.82
2/12/02,6:00,4.82
2/12/02,6:30,4.67
2/12/02,7:00,4.67
2/12/02,7:30,4.67
2/12/02,8:00,4.67
2/12/02,8:30,4.67
2/12/02,9:00,4.67
2/12/02,9:30,4.67
2/12/02,10:00,4.67
2/12/02,10:30,4.67
2/12/02,11:00,4.67
2/12/02,11:30,4.67
2/12/02,12:00,4.67
2/12/02,12:30,4.67
2/12/02,13:00,4.67
2/12/02,13:30,4.67
2/12/02,14:00,4.67
2/12/02,14:30,4.67
2/12/02,15:00,4.67
2/12/02,15:30,4.67
2/12/02,16:00,4.67
2/12/02,16:30,4.67
2/12/02,17:00,4.51
2/12/02,17:30,4.51
2/12/02,18:00,4.51
2/12/02,18:30,4.51
2/12/02,19:00,4.51
2/12/02,19:30,4.67
2/12/02,20:00,4.51
2/12/02,20:30,4.51
2/12/02,21:00,4.67
2/12/02,21:30,4.67
2/12/02,22:00,4.67
2/12/02,22:30,4.67
2/12/02,23:00,4.67
2/12/02,23:30,4.67
2/13/02,0:00,4.67
2/13/02,0:30,4.67
2/13/02,1:00,4.67
2/13/02,1:30,4.67
2/13/02,2:00,4.67
2/13/02,2:30,4.67
2/13/02,3:00,4.67
2/13/02,3:30,4.51
2/13/02,4:00,4.51
2/13/02,4:30,4.51
2/13/02,5:00,4.51
2/13/02,5:30,4.51
2/13/02,6:00,4.51
2/13/02,6:30,4.51
2/13/02,7:00,4.67
2/13/02,7:30,4.67
2/13/02,8:00,4.67
2/13/02,8:30,4.67
2/13/02,9:00,4.67
2/13/02,9:30,4.82
2/13/02,10:00,4.82
2/13/02,10:30,4.82
2/13/02,11:00,4.82
2/13/02,11:30,4.82
2/13/02,12:00,4.82
2/13/02,12:30,4.67
2/13/02,13:00,4.67
2/13/02,13:30,4.67
2/13/02,14:00,4.67
2/13/02,14:30,4.67
2/13/02,15:00,4.67
2/13/02,15:30,4.67
2/13/02,16:00,4.67
2/13/02,16:30,4.67
2/13/02,17:00,4.67
2/13/02,17:30,4.67
2/13/02,18:00,4.67
2/13/02,18:30,4.67
2/13/02,19:00,4.67
2/13/02,19:30,4.67
2/13/02,20:00,4.67
2/13/02,20:30,4.67
2/13/02,21:00,4.51
2/13/02,21:30,4.51
2/13/02,22:00,4.51
2/13/02,22:30,4.51
2/13/02,23:00,4.51
2/13/02,23:30,4.51
2/14/02,0:00,4.51
2/14/02,0:30,4.51
2/14/02,1:00,4.51
2/14/02,1:30,4.51
2/14/02,2:00,4.67
2/14/02,2:30,4.51
2/14/02,3:00,4.51
2/14/02,3:30,4.51
2/14/02,4:00,4.51
2/14/02,4:30,4.51
2/14/02,5:00,4.51
2/14/02,5:30,4.51
2/14/02,6:00,4.51
2/14/02,6:30,4.51
2/14/02,7:00,4.51
2/14/02,7:30,4.51
2/14/02,8:00,4.51
2/14/02,8:30,4.51
2/14/02,9:00,4.51
2/14/02,9:30,4.51
2/14/02,10:00,4.51
2/14/02,10:30,4.51
2/14/02,11:00,4.51
2/14/02,11:30,4.51
2/14/02,12:00,4.51
2/14/02,12:30,4.51
2/14/02,13:00,4.51