Date,Mean,Max
2/26/97,3.657,3.75
2/27/97,3.75,3.75
2/28/97,3.79,3.87
3/1/97,3.887,3.91
3/2/97,3.91,3.91
3/3/97,3.913,3.948
3/4/97,3.91,3.91
3/5/97,3.91,3.91
3/6/97,3.923,4.023
3/7/97,3.9,3.91
3/8/97,3.883,3.91
3/9/97,3.75,3.91
3/10/97,3.703,3.75
3/11/97,3.67,3.75
3/12/97,3.65,3.75
3/13/97,3.523,3.75
3/14/97,3.361,3.43
3/15/97,3.358,3.43
3/16/97,3.323,3.43
3/17/97,3.265,3.43
3/18/97,3.383,3.47
3/19/97,3.346,3.43
3/20/97,3.368,3.43
3/21/97,3.283,3.318
3/22/97,3.364,3.43
3/23/97,3.408,3.43
3/24/97,3.368,3.43
3/25/97,3.386,3.43
3/26/97,3.43,3.43
3/27/97,3.47,3.59
3/28/97,3.627,3.75
3/29/97,3.747,3.75
3/30/97,3.743,3.87
3/31/97,3.906,4.22
4/1/97,3.983,4.22
4/2/97,3.91,3.91
4/3/97,3.913,3.948
4/4/97,3.926,3.985
4/5/97,3.951,4.06
4/6/97,4.001,4.18
4/7/97,3.948,4.06
4/8/97,3.893,3.948
4/9/97,3.87,3.91
4/10/97,3.926,4.06
4/11/97,4.018,4.295
4/12/97,4.068,4.333
4/13/97,4.162,4.37
4/14/97,4.145,4.49
4/15/97,4.178,4.53
4/16/97,4.256,4.803
4/17/97,4.123,4.375
4/18/97,4.072,4.295
4/19/97,4.639,4.84
4/20/97,4.663,4.69
4/21/97,4.754,5.04
4/22/97,4.721,4.84
4/23/97,4.728,4.803
4/24/97,5.408,6.05
4/25/97,5.334,5.62
4/26/97,4.987,5.273
4/27/97,4.811,5
4/28/97,4.913,5.16
4/29/97,4.835,4.92
4/30/97,4.88,5.12
5/1/97,5.098,5.47
5/2/97,4.775,5.47
5/3/97,5.426,6.785
5/4/97,4.922,5.235
5/5/97,4.919,5.663
5/6/97,5.228,5.933
5/7/97,4.641,4.88
5/8/97,4.791,5.39
5/9/97,5.27,5.7
5/10/97,5.201,5.738
5/11/97,4.927,5.118
5/12/97,4.895,5.273
5/13/97,4.883,5.313
5/14/97,4.862,6.39
5/15/97,4.667,4.818
5/16/97,4.622,4.895
5/17/97,4.632,4.78
5/18/97,4.677,4.78
5/19/97,4.955,5.32
5/20/97,5.286,5.713
5/21/97,4.981,5.128
5/22/97,4.848,5.05
5/23/97,5.896,6.605
5/24/97,6.118,6.76
5/25/97,5.293,5.985
5/26/97,4.949,5.24
5/27/97,5.509,6.33
5/28/97,5.263,5.868
5/29/97,5.27,5.713
5/30/97,5.384,5.635
5/31/97,5.366,5.635
6/1/97,5.357,5.52
6/2/97,5.889,7.108
6/3/97,6.275,7.61
6/4/97,8.159,9.953
6/5/97,9.555,10.58
6/6/97,9.583,10.46
6/7/97,9.522,10.885
6/8/97,10.104,11.31
6/9/97,9.872,10.655
6/10/97,8.794,10.15
6/11/97,8.666,10.77
6/12/97,8.393,9.763
6/13/97,7.713,9.105
6/14/97,6.514,7.223
6/15/97,7.758,9.298
6/16/97,7.659,9.143
6/17/97,6.684,7.95
6/18/97,6.276,7.07
6/19/97,6.319,6.643
6/20/97,7.015,7.95
6/21/97,7.235,8.298
6/22/97,6.461,7.225
6/23/97,6.294,6.603
6/24/97,7.185,8.105
6/25/97,7.276,7.955
6/26/97,6.994,7.645
6/27/97,6.995,7.725
6/28/97,7.298,7.88
6/29/97,7.583,8.068
6/30/97,7.682,8.068
7/1/97,7.464,7.88
7/2/97,7.293,7.573
7/3/97,6.993,7.418
7/4/97,6.704,7.34
7/5/97,6.468,6.72
7/6/97,7.039,7.955
7/7/97,7.472,7.993
7/8/97,6.878,7.265
7/9/97,6.745,7.113
7/10/97,6.744,6.995
7/11/97,7.069,7.8
7/12/97,6.916,7.3
7/13/97,7.058,7.648
7/14/97,7.771,8.49
7/15/97,7.816,8.953
7/16/97,8.159,8.608
7/17/97,8.683,9.415
7/18/97,8.363,9.11
7/19/97,8.268,9.685
7/20/97,8.235,9.375
7/21/97,9.891,11.04
7/22/97,9.125,11.965
7/23/97,8.348,9.8
7/24/97,7.733,8.378
7/25/97,11.501,16.92
7/26/97,15.01,17.04
7/27/97,11.576,14.32
7/28/97,8.931,10.463
7/29/97,8.6,9.685
7/30/97,9.602,11.463
7/31/97,9.851,11.618
8/1/97,8.867,10.188
8/2/97,8.251,9.375
8/3/97,8.437,9.685
8/4/97,8.988,9.995
8/5/97,10.397,13.125
8/6/97,10.875,13.513
8/7/97,9.497,11.118
8/8/97,8.866,10.073
8/9/97,8.58,9.57
8/10/97,8.197,9.068
8/11/97,8.155,8.99
8/12/97,7.857,8.875
8/13/97,8.556,9.413
8/14/97,7.78,8.795
8/15/97,7.813,8.568
8/16/97,8.012,9.033
8/17/97,7.918,8.99
8/18/97,8.399,9.415
8/19/97,8.71,10.653
8/20/97,9.075,9.955
8/21/97,10.694,15.733
8/22/97,9.23,10.46
8/23/97,7.768,8.643
8/24/97,10.104,11.578
8/25/97,11.817,12.933
8/26/97,12.403,13.358
8/27/97,11.195,13.705
8/28/97,9.374,11.463
8/29/97,8.988,10.538
8/30/97,9.302,10.113
8/31/97,9.688,10.5
9/1/97,9.96,11.503
9/2/97,9.785,10.498
9/3/97,9.854,10.85
9/4/97,10.892,12.43
9/5/97,11.418,12.74
9/6/97,11.163,12.973
9/7/97,10.144,11.463
9/8/97,10.282,11.735
9/9/97,11.428,13.508
9/10/97,12.863,14.788
9/11/97,13.739,15.575
9/12/97,13.532,14.785
9/13/97,12.207,14.12
9/14/97,12.266,13.28
9/15/97,11.92,13.623
9/16/97,11.553,13.59
9/17/97,12.489,13.815
9/18/97,11.247,12.933
9/19/97,9.759,10.383
9/20/97,9.859,11.005
9/21/97,9.672,11.69
9/22/97,12.389,14.398
9/23/97,10.841,12.12
9/24/97,9.814,10.5
9/25/97,10.656,11.615
9/26/97,10.191,11.615
9/27/97,9.92,10.77
9/28/97,10.203,11.615
9/29/97,9.747,11.348
9/30/97,8.645,9.3
10/1/97,8.539,9.375
10/2/97,8.747,9.335
10/3/97,10.393,11.12
10/4/97,10.719,11.578
10/5/97,10.499,10.96
10/6/97,9.682,10.42
10/7/97,9.481,10.148
10/8/97,9.848,10.768
10/9/97,10.621,11.233
10/10/97,9.682,10.925
10/11/97,9.261,9.84
10/12/97,10.314,10.773
10/13/97,10.875,12.078
10/14/97,10.446,11.385
10/15/97,10.648,11.77
10/16/97,10.482,11.385
10/17/97,11.593,12.895
10/18/97,12.295,13.205
10/19/97,12.374,13.09
10/20/97,12.834,12.97
10/21/97,12.766,12.97
10/22/97,12.284,12.82
10/23/97,11.815,12.19
10/24/97,10.994,11.695
10/25/97,10.598,11.308
10/26/97,11.118,11.42
10/27/97,#DIV/0!,0
10/28/97,#DIV/0!,0
10/29/97,#DIV/0!,0
10/30/97,#DIV/0!,0
10/31/97,#DIV/0!,0
11/1/97,#DIV/0!,0
11/2/97,#DIV/0!,0
11/3/97,#DIV/0!,0
11/4/97,#DIV/0!,0
11/5/97,#DIV/0!,0
11/6/97,#DIV/0!,0
11/7/97,#DIV/0!,0
11/8/97,#DIV/0!,0
11/9/97,#DIV/0!,0
11/10/97,#DIV/0!,0
11/11/97,#DIV/0!,0
11/12/97,#DIV/0!,0
11/13/97,#DIV/0!,0
11/14/97,#DIV/0!,0
11/15/97,#DIV/0!,0
11/16/97,#DIV/0!,0
11/17/97,#DIV/0!,0
11/18/97,#DIV/0!,0
11/19/97,#DIV/0!,0
11/20/97,#DIV/0!,0
11/21/97,#DIV/0!,0
11/22/97,#DIV/0!,0
11/23/97,#DIV/0!,0
11/24/97,#DIV/0!,0
11/25/97,#DIV/0!,0
11/26/97,#DIV/0!,0
11/27/97,#DIV/0!,0
11/28/97,#DIV/0!,0
11/29/97,#DIV/0!,0
11/30/97,#DIV/0!,0
12/1/97,#DIV/0!,0
12/2/97,#DIV/0!,0
12/3/97,#DIV/0!,0
12/4/97,#DIV/0!,0
12/5/97,#DIV/0!,0
12/6/97,#DIV/0!,0
12/7/97,#DIV/0!,0
12/8/97,#DIV/0!,0
12/9/97,#DIV/0!,0
12/10/97,#DIV/0!,0
12/11/97,#DIV/0!,0
12/12/97,#DIV/0!,0
12/13/97,#DIV/0!,0
12/14/97,#DIV/0!,0
12/15/97,#DIV/0!,0
12/16/97,#DIV/0!,0
12/17/97,#DIV/0!,0
12/18/97,#DIV/0!,0
12/19/97,#DIV/0!,0
12/20/97,#DIV/0!,0
12/21/97,#DIV/0!,0
12/22/97,#DIV/0!,0
12/23/97,#DIV/0!,0
12/24/97,#DIV/0!,0
12/25/97,#DIV/0!,0
12/26/97,#DIV/0!,0
12/27/97,#DIV/0!,0
12/28/97,#DIV/0!,0
12/29/97,#DIV/0!,0
12/30/97,#DIV/0!,0
12/31/97,#DIV/0!,0
1/1/98,#DIV/0!,0
1/2/98,#DIV/0!,0
1/3/98,#DIV/0!,0
1/4/98,#DIV/0!,0
1/5/98,#DIV/0!,0
1/6/98,#DIV/0!,0
1/7/98,#DIV/0!,0
1/8/98,#DIV/0!,0
1/9/98,#DIV/0!,0
1/10/98,#DIV/0!,0
1/11/98,#DIV/0!,0
1/12/98,#DIV/0!,0
1/13/98,#DIV/0!,0
1/14/98,#DIV/0!,0
1/15/98,#DIV/0!,0
1/16/98,#DIV/0!,0
1/17/98,#DIV/0!,0
1/18/98,#DIV/0!,0
1/19/98,#DIV/0!,0
1/20/98,#DIV/0!,0
1/21/98,#DIV/0!,0
1/22/98,#DIV/0!,0
1/23/98,#DIV/0!,0
1/24/98,#DIV/0!,0
1/25/98,#DIV/0!,0
1/26/98,#DIV/0!,0
1/27/98,#DIV/0!,0
1/28/98,#DIV/0!,0
1/29/98,#DIV/0!,0
1/30/98,#DIV/0!,0
1/31/98,#DIV/0!,0
2/1/98,#DIV/0!,0
2/2/98,#DIV/0!,0
2/3/98,#DIV/0!,0
2/4/98,#DIV/0!,0
2/5/98,#DIV/0!,0
2/6/98,#DIV/0!,0
2/7/98,#DIV/0!,0
2/8/98,#DIV/0!,0
2/9/98,#DIV/0!,0
2/10/98,#DIV/0!,0
2/11/98,#DIV/0!,0
2/12/98,#DIV/0!,0
2/13/98,#DIV/0!,0
2/14/98,#DIV/0!,0
2/15/98,#DIV/0!,0
2/16/98,#DIV/0!,0
2/17/98,#DIV/0!,0
2/18/98,#DIV/0!,0
2/19/98,#DIV/0!,0
2/20/98,#DIV/0!,0
2/21/98,#DIV/0!,0
2/22/98,#DIV/0!,0
2/23/98,#DIV/0!,0
2/24/98,#DIV/0!,0
2/25/98,#DIV/0!,0
2/26/98,#DIV/0!,0
2/27/98,#DIV/0!,0
2/28/98,#DIV/0!,0
3/1/98,#DIV/0!,0
3/2/98,#DIV/0!,0
3/3/98,#DIV/0!,0
3/4/98,#DIV/0!,0
3/5/98,#DIV/0!,0
3/6/98,#DIV/0!,0
3/7/98,3.69,3.69
3/8/98,3.696,3.728
3/9/98,3.686,3.728
3/10/98,3.577,3.69
3/11/98,3.543,3.61
3/12/98,3.499,3.53
3/13/98,3.25,3.418
3/14/98,3.213,3.493
3/15/98,3.26,3.38
3/16/98,3.14,3.26
3/17/98,3.038,3.06
3/18/98,3.06,3.06
3/19/98,3.063,3.1
3/20/98,3.06,3.06
3/21/98,2.915,3.06
3/22/98,2.775,2.91
3/23/98,2.801,2.91
3/24/98,2.906,2.91
3/25/98,2.976,3.06
3/26/98,3.052,3.22
3/27/98,3.054,3.06
3/28/98,3.063,3.1
3/29/98,3.063,3.1
3/30/98,3.073,3.18
3/31/98,3.197,3.26
4/1/98,3.679,4.235
4/2/98,3.961,4.198
4/3/98,4.076,4.273
4/4/98,4.205,4.78
4/5/98,4.567,4.818
4/6/98,4.274,4.468
4/7/98,4.164,4.43
4/8/98,4.134,4.39
4/9/98,4.082,4.31
4/10/98,4.806,5.24
4/11/98,4.461,4.7
4/12/98,4.475,4.66
4/13/98,4.685,5.518
4/14/98,4.588,5.05
4/15/98,4.325,4.545
4/16/98,4.268,4.47
4/17/98,4.155,4.35
4/18/98,4.09,4.16
4/19/98,4.097,4.16
4/20/98,4.274,4.39
4/21/98,4.322,4.74
4/22/98,4.167,4.275
4/23/98,4.513,6.14
4/24/98,6.061,6.41
4/25/98,6.109,6.41
4/26/98,6.216,6.64
4/27/98,6.19,6.76
4/28/98,5.974,6.64
4/29/98,5.89,6.215
4/30/98,5.764,6.18
5/1/98,5.154,5.478
5/2/98,5.338,5.865
5/3/98,4.645,5.05
5/4/98,4.465,4.7
5/5/98,5.085,5.595
5/6/98,5.896,6.295
5/7/98,5.978,6.643
5/8/98,5.97,6.565
5/9/98,7.45,8.95
5/10/98,8.468,8.873
5/11/98,7.955,8.03
5/12/98,8.08,8.18
5/13/98,8.146,8.26
5/14/98,7.809,8.07
5/15/98,6.64,7.303
5/16/98,6.5,7.44
5/17/98,6.266,6.505
5/18/98,5.873,6.353
5/19/98,5.916,6.155
5/20/98,5.595,6
5/21/98,5.491,5.995
5/22/98,6.094,6.933
5/23/98,6.154,6.818
5/24/98,6.026,6.973
5/25/98,5.791,6.7
5/26/98,5.593,5.92
5/27/98,5.629,6.078
5/28/98,5.403,5.565
5/29/98,5.304,5.645
5/30/98,5.287,5.45
5/31/98,5.563,5.84
6/1/98,5.443,5.603
6/2/98,5.606,6.118
6/3/98,5.452,5.998
6/4/98,5.426,5.685
6/5/98,6.051,7.165
6/6/98,7.653,7.945
6/7/98,7.173,7.943
6/8/98,6.947,8.1
6/9/98,6.009,7.52
6/10/98,5.402,5.96
6/11/98,5.381,5.68
6/12/98,5.288,5.643
6/13/98,5.674,6.348
6/14/98,5.398,5.763
6/15/98,5.21,5.49
6/16/98,5.425,6.235
6/17/98,6.664,8.175
6/18/98,8.531,9.84
6/19/98,9.149,9.72
6/20/98,8.998,9.37
6/21/98,9.034,9.685
6/22/98,9.155,9.76
6/23/98,8.226,9.215
6/24/98,7.83,8.675
6/25/98,7.326,7.79
6/26/98,7.556,8.288
6/27/98,9.565,11.353
6/28/98,8.836,9.525
6/29/98,7.943,8.483
6/30/98,7.694,8.138
7/1/98,7.365,7.673
7/2/98,7.609,8.52
7/3/98,6.746,7.323
7/4/98,6.203,6.778
7/5/98,6.451,6.975
7/6/98,7.462,8.1
7/7/98,7.274,8.023
7/8/98,6.654,7.363
7/9/98,6.641,7.09
7/10/98,6.381,6.935
7/11/98,7.68,8.368
7/12/98,7.236,7.673
7/13/98,5.988,6.35
7/14/98,5.977,6.738
7/15/98,6.339,7.05
7/16/98,6.791,7.635
7/17/98,6.622,7.478
7/18/98,6.625,7.323
7/19/98,6.554,7.325
7/20/98,6.443,7.595
7/21/98,6.648,7.595
7/22/98,6.69,7.75
7/23/98,6.939,7.943
7/24/98,6.8,7.868
7/25/98,7.157,8.1
7/26/98,7.021,8.175
7/27/98,6.733,7.558
7/28/98,6.158,6.858
7/29/98,5.85,6.04
7/30/98,5.88,6.12
7/31/98,6.086,6.505
8/1/98,6.21,6.858
8/2/98,6.13,6.855
8/3/98,5.943,6.43
8/4/98,6.126,6.505
8/5/98,6.079,6.43
8/6/98,6.255,6.82
8/7/98,6.451,7.363
8/8/98,6.691,7.285
8/9/98,6.622,7.323
8/10/98,6.289,6.775
8/11/98,6.083,6.35
8/12/98,6.616,7.518
8/13/98,6.969,7.788
8/14/98,6.58,7.48
8/15/98,6.091,6.39
8/16/98,6.143,6.39
8/17/98,6.279,6.775
8/18/98,6.502,7.205
8/19/98,7.577,8.598
8/20/98,7.669,9.37
8/21/98,#DIV/0!,0
8/22/98,#DIV/0!,0
8/23/98,#DIV/0!,0
8/24/98,#DIV/0!,0
8/25/98,#DIV/0!,0
8/26/98,#DIV/0!,0
8/27/98,#DIV/0!,0
8/28/98,#DIV/0!,0
8/29/98,#DIV/0!,0
8/30/98,#DIV/0!,0
8/31/98,#DIV/0!,0
9/1/98,#DIV/0!,0
9/2/98,#DIV/0!,0
9/3/98,#DIV/0!,0
9/4/98,#DIV/0!,0
9/5/98,#DIV/0!,0
9/6/98,#DIV/0!,0
9/7/98,#DIV/0!,0
9/8/98,#DIV/0!,0
9/9/98,#DIV/0!,0
9/10/98,#DIV/0!,0
9/11/98,#DIV/0!,0
9/12/98,#DIV/0!,0
9/13/98,#DIV/0!,0
9/14/98,#DIV/0!,0
9/15/98,#DIV/0!,0
9/16/98,#DIV/0!,0
9/17/98,#DIV/0!,0
9/18/98,#DIV/0!,0
9/19/98,#DIV/0!,0
9/20/98,#DIV/0!,0
9/21/98,#DIV/0!,0
9/22/98,#DIV/0!,0
9/23/98,#DIV/0!,0
9/24/98,#DIV/0!,0
9/25/98,#DIV/0!,0
9/26/98,#DIV/0!,0
9/27/98,#DIV/0!,0
9/28/98,#DIV/0!,0
9/29/98,#DIV/0!,0
9/30/98,#DIV/0!,0
10/1/98,#DIV/0!,0
10/2/98,#DIV/0!,0
10/3/98,#DIV/0!,0
10/4/98,#DIV/0!,0
10/5/98,#DIV/0!,0
10/6/98,#DIV/0!,0
10/7/98,#DIV/0!,0
10/8/98,#DIV/0!,0
10/9/98,#DIV/0!,0
10/10/98,#DIV/0!,0
10/11/98,#DIV/0!,0
10/12/98,#DIV/0!,0
10/13/98,#DIV/0!,0
10/14/98,#DIV/0!,0
10/15/98,#DIV/0!,0
10/16/98,#DIV/0!,0
10/17/98,#DIV/0!,0
10/18/98,#DIV/0!,0
10/19/98,#DIV/0!,0
10/20/98,#DIV/0!,0
10/21/98,#DIV/0!,0
10/22/98,#DIV/0!,0
10/23/98,#DIV/0!,0
10/24/98,#DIV/0!,0
10/25/98,#DIV/0!,0
10/26/98,#DIV/0!,0
10/27/98,#DIV/0!,0
10/28/98,#DIV/0!,0
10/29/98,#DIV/0!,0
10/30/98,#DIV/0!,0
10/31/98,#DIV/0!,0
11/1/98,#DIV/0!,0
11/2/98,#DIV/0!,0
11/3/98,#DIV/0!,0
11/4/98,#DIV/0!,0
11/5/98,#DIV/0!,0
11/6/98,#DIV/0!,0
11/7/98,#DIV/0!,0
11/8/98,#DIV/0!,0
11/9/98,#DIV/0!,0
11/10/98,#DIV/0!,0
11/11/98,#DIV/0!,0
11/12/98,#DIV/0!,0
11/13/98,#DIV/0!,0
11/14/98,#DIV/0!,0
11/15/98,#DIV/0!,0
11/16/98,#DIV/0!,0
11/17/98,#DIV/0!,0
11/18/98,#DIV/0!,0
11/19/98,#DIV/0!,0
11/20/98,#DIV/0!,0
11/21/98,#DIV/0!,0
11/22/98,#DIV/0!,0
11/23/98,#DIV/0!,0
11/24/98,#DIV/0!,0
11/25/98,#DIV/0!,0
11/26/98,#DIV/0!,0
11/27/98,#DIV/0!,0
11/28/98,#DIV/0!,0
11/29/98,#DIV/0!,0
11/30/98,#DIV/0!,0
12/1/98,#DIV/0!,0
12/2/98,#DIV/0!,0
12/3/98,#DIV/0!,0
12/4/98,#DIV/0!,0
12/5/98,#DIV/0!,0
12/6/98,#DIV/0!,0
12/7/98,#DIV/0!,0
12/8/98,#DIV/0!,0
12/9/98,#DIV/0!,0
12/10/98,#DIV/0!,0
12/11/98,#DIV/0!,0
12/12/98,#DIV/0!,0
12/13/98,#DIV/0!,0
12/14/98,#DIV/0!,0
12/15/98,#DIV/0!,0
12/16/98,#DIV/0!,0
12/17/98,#DIV/0!,0
12/18/98,#DIV/0!,0
12/19/98,#DIV/0!,0
12/20/98,#DIV/0!,0
12/21/98,#DIV/0!,0
12/22/98,#DIV/0!,0
12/23/98,#DIV/0!,0
12/24/98,#DIV/0!,0
12/25/98,#DIV/0!,0
12/26/98,#DIV/0!,0
12/27/98,#DIV/0!,0
12/28/98,#DIV/0!,0
12/29/98,#DIV/0!,0
12/30/98,#DIV/0!,0
12/31/98,#DIV/0!,0
1/1/99,#DIV/0!,0
1/2/99,#DIV/0!,0
1/3/99,#DIV/0!,0
1/4/99,#DIV/0!,0
1/5/99,#DIV/0!,0
1/6/99,#DIV/0!,0
1/7/99,#DIV/0!,0
1/8/99,#DIV/0!,0
1/9/99,#DIV/0!,0
1/10/99,#DIV/0!,0
1/11/99,#DIV/0!,0
1/12/99,#DIV/0!,0
1/13/99,#DIV/0!,0
1/14/99,#DIV/0!,0
1/15/99,#DIV/0!,0
1/16/99,#DIV/0!,0
1/17/99,#DIV/0!,0
1/18/99,#DIV/0!,0
1/19/99,#DIV/0!,0
1/20/99,#DIV/0!,0
1/21/99,#DIV/0!,0
1/22/99,#DIV/0!,0
1/23/99,#DIV/0!,0
1/24/99,#DIV/0!,0
1/25/99,#DIV/0!,0
1/26/99,#DIV/0!,0
1/27/99,#DIV/0!,0
1/28/99,#DIV/0!,0
1/29/99,#DIV/0!,0
1/30/99,#DIV/0!,0
1/31/99,#DIV/0!,0
2/1/99,#DIV/0!,0
2/2/99,#DIV/0!,0
2/3/99,#DIV/0!,0
2/4/99,#DIV/0!,0
2/5/99,#DIV/0!,0
2/6/99,#DIV/0!,0
2/7/99,#DIV/0!,0
2/8/99,#DIV/0!,0
2/9/99,#DIV/0!,0
2/10/99,#DIV/0!,0
2/11/99,#DIV/0!,0
2/12/99,#DIV/0!,0
2/13/99,#DIV/0!,0
2/14/99,#DIV/0!,0
2/15/99,#DIV/0!,0
2/16/99,#DIV/0!,0
2/17/99,#DIV/0!,0
2/18/99,#DIV/0!,0
2/19/99,#DIV/0!,0
2/20/99,#DIV/0!,0
2/21/99,#DIV/0!,0
2/22/99,#DIV/0!,0
2/23/99,#DIV/0!,0
2/24/99,#DIV/0!,0
2/25/99,#DIV/0!,0
2/26/99,#DIV/0!,0
2/27/99,#DIV/0!,0
2/28/99,#DIV/0!,0
3/1/99,#DIV/0!,0
3/2/99,#DIV/0!,0
3/3/99,#DIV/0!,0
3/4/99,#DIV/0!,0
3/5/99,#DIV/0!,0
3/6/99,#DIV/0!,0
3/7/99,#DIV/0!,0
3/8/99,#DIV/0!,0
3/9/99,1.988,2.193
3/10/99,2.301,2.59
3/11/99,2.357,2.43
3/12/99,2.138,2.27
3/13/99,2.568,2.91
3/14/99,2.8,2.91
3/15/99,2.516,2.628
3/16/99,2.367,2.47
3/17/99,2.523,2.59
3/18/99,2.708,2.91
3/19/99,3.044,3.38
3/20/99,2.969,3.06
3/21/99,3.032,3.06
3/22/99,3.19,3.22
3/23/99,3.253,3.418
3/24/99,3.113,3.22
3/25/99,3.565,4
3/26/99,3.74,4.08
3/27/99,3.739,4.16
3/28/99,3.743,3.84
3/29/99,4.084,4.39
3/30/99,4.667,5.165
3/31/99,4.1,4.66
4/1/99,4.182,4.778
4/2/99,5.125,5.28
4/3/99,5.143,5.24
4/4/99,5.365,5.71
4/5/99,5.699,5.983
4/6/99,5.873,6.18
4/7/99,5.65,6.023
4/8/99,4.9,5.4
4/9/99,5.102,5.83
4/10/99,5.876,6.18
4/11/99,5.841,6.02
4/12/99,5.923,6.18
4/13/99,6.344,6.64
4/14/99,6.189,6.33
4/15/99,6.303,6.643
4/16/99,6.553,6.84
4/17/99,6.433,6.8
4/18/99,5.773,6.37
4/19/99,5.583,6.41
4/20/99,6.372,6.995
4/21/99,6.443,7.303
4/22/99,5.775,7.028
4/23/99,5.753,6.72
4/24/99,6.814,7.223
4/25/99,6.666,7.148
4/26/99,6.893,7.148
4/27/99,7.369,7.84
4/28/99,7.653,7.955
4/29/99,7.955,8.22
4/30/99,8.362,8.76
5/1/99,8.224,8.453
5/2/99,8.522,9.41
5/3/99,9.997,10.303
5/4/99,9.89,10.03
5/5/99,9.487,9.57
5/6/99,9.211,9.53
5/7/99,9.603,10.03
5/8/99,9.126,10.5
5/9/99,8.869,10.383
5/10/99,8.431,10.073
5/11/99,8.297,8.953
5/12/99,9.124,10.693
5/13/99,9.94,10.96
5/14/99,10.599,11
5/15/99,9.606,10.733
5/16/99,9.774,11.268
5/17/99,10.05,11.773
5/18/99,10.466,12.393
5/19/99,10.458,12.115
5/20/99,11.392,12.663
5/21/99,11.706,12.585
5/22/99,12.438,12.973
5/23/99,11.918,13.13
5/24/99,11.453,13.008
5/25/99,7.915,11.733
5/26/99,6.09,6.835
5/27/99,6.863,7.495
5/28/99,8.007,8.878
5/29/99,9.353,10.848
5/30/99,10.166,11.853
5/31/99,10.398,11.54
6/1/99,10.25,12.623
6/2/99,8.998,10.07
6/3/99,8.082,9.375
6/4/99,8.681,11.693
6/5/99,8.933,10.458
6/6/99,9.04,10.843
6/7/99,7.855,8.753
6/8/99,7.174,8.56
6/9/99,10.295,12.235
6/10/99,11.415,12.89
6/11/99,11.945,12.735
6/12/99,12.402,13.895
6/13/99,12.955,14.203
6/14/99,12.836,13.935
6/15/99,11.255,12.195
6/16/99,12.828,14.793
6/17/99,13.676,14.91
6/18/99,13.466,15.073
6/19/99,13.643,15.228
6/20/99,13.311,14.753
6/21/99,11.906,13.898
6/22/99,11.635,12.66
6/23/99,12.565,15.503
6/24/99,13.777,14.95
6/25/99,11.416,13.238
6/26/99,10.261,11.425
6/27/99,10.92,13.278
6/28/99,10.992,12.815
6/29/99,10.203,11.385
6/30/99,10.775,12.928
7/1/99,10.705,11.85
7/2/99,9.084,10.61
7/3/99,8.592,9.493
7/4/99,8.481,9.455
7/5/99,9.263,10.653
7/6/99,9.578,11.193
7/7/99,10.39,12.818
7/8/99,9.469,10.61
7/9/99,10.409,12.348
7/10/99,9.899,11.305
7/11/99,10.485,12.773
7/12/99,11.134,12.543
7/13/99,12.25,14.558
7/14/99,12.845,14.208
7/15/99,11.719,13.585
7/16/99,11.098,12.928
7/17/99,10.237,11.383
7/18/99,10.26,11.578
7/19/99,10.483,12.31
7/20/99,12.566,16.29
7/21/99,13.831,17.193
7/22/99,11.999,14.09
7/23/99,10.248,11.075
7/24/99,9.894,11.423
7/25/99,10.563,11.773
7/26/99,11.474,12.62
7/27/99,12.61,15.19
7/28/99,12.174,14.438
7/29/99,12.527,14.218
7/30/99,13.315,15.658
7/31/99,13.619,16.683
8/1/99,11.996,13.99
8/2/99,12.266,15.695
8/3/99,12.875,15.54
8/4/99,11.7,13.09
8/5/99,11.491,12.35
8/6/99,11.639,13.318
8/7/99,12.048,14.798
8/8/99,10.566,11.808
8/9/99,12.776,14.555
8/10/99,11.87,13.395
8/11/99,12.795,14.478
8/12/99,12.749,14.13
8/13/99,12.559,13.703
8/14/99,11.127,11.928
8/15/99,12.779,14.13
8/16/99,13.508,14.283
8/17/99,12.24,13.663
8/18/99,11.404,13.358
8/19/99,13.33,15.818
8/20/99,13.834,15.305
8/21/99,16.107,16.793
8/22/99,16.693,16.83
8/23/99,16.152,16.718
8/24/99,15.813,16.48
8/25/99,16.421,17.72
8/26/99,15.84,16.76
8/27/99,16.317,18.003
8/28/99,15.222,17.12
8/29/99,14.732,16.4
8/30/99,16.067,17.68
8/31/99,17.277,17.88
9/1/99,17.444,17.96
9/2/99,17.543,18.12
9/3/99,16.396,17.76
9/4/99,15.859,17.52
9/5/99,15.85,17.803
9/6/99,16.361,19.7
9/7/99,15.244,17.04
9/8/99,14.264,16.72
9/9/99,13.41,15.645
9/10/99,12.843,13.798
9/11/99,12.062,13.425
9/12/99,12.751,13.723
9/13/99,14.09,15.295
9/14/99,14.177,15.088
9/15/99,14.017,15.403
9/16/99,15.793,18.4
9/17/99,12.793,18.16
9/18/99,14.036,15.525
9/19/99,15.185,15.525
9/20/99,15.074,15.4
9/21/99,14.83,15.165
9/22/99,15.037,15.32
9/23/99,15.047,15.44
9/24/99,15.429,15.92
9/25/99,15.182,15.44
9/26/99,15.416,15.76
9/27/99,15.26,15.92
9/28/99,14.813,15.88
9/29/99,14.016,15.76
9/30/99,12.706,15.685
10/1/99,12.568,14.26
10/2/99,11.653,14.025
10/3/99,11.833,13.568
10/4/99,13.199,14.22
10/5/99,13.578,14.105
10/6/99,13.455,13.57
10/7/99,13.282,13.373
10/8/99,13.326,13.53
10/9/99,13.219,13.298
10/10/99,13.262,13.57
10/11/99,13.282,13.45
10/12/99,13.185,13.41
10/13/99,13.269,13.41
10/14/99,12.226,13.26
10/15/99,12.46,12.79
10/16/99,12.496,12.79
10/17/99,12.566,12.715
10/18/99,12.466,12.715
10/19/99,12.223,12.44
10/20/99,12.1,12.17
10/21/99,12.103,12.17
10/22/99,12.004,12.01
10/23/99,11.85,12.01
10/24/99,11.605,11.78
10/25/99,11.436,11.7
10/26/99,11.284,11.54
10/27/99,11.365,11.54
10/28/99,11.246,11.39
10/29/99,11.119,11.35
10/30/99,11.308,11.66
10/31/99,11.201,11.39
11/1/99,11.291,11.503
11/2/99,11.392,11.54
11/3/99,11.218,11.39
11/4/99,9.807,10.23
11/5/99,10.066,10.46
11/6/99,9.553,9.84
11/7/99,9.258,9.64
11/8/99,9.223,9.76
11/9/99,9.181,9.64
11/10/99,9.066,9.333
11/11/99,9.133,9.295
11/12/99,9.425,9.68
11/13/99,9.271,9.68
11/14/99,9.031,9.333
11/15/99,8.853,8.91
11/16/99,8.814,8.91
11/17/99,8.237,8.6
11/18/99,8.521,8.985
11/19/99,9.04,9.22
11/20/99,8.644,9.023
11/21/99,8.585,8.713
11/22/99,8.818,9.18
11/23/99,8.872,9.103
11/24/99,9.06,9.22
11/25/99,8.924,9.1
11/26/99,9.022,9.18
11/27/99,8.974,9.22
11/28/99,8.735,8.91
11/29/99,8.634,8.713
11/30/99,8.309,8.44
12/1/99,8.324,8.44
12/2/99,8.178,8.29
12/3/99,8.137,8.14
12/4/99,8.08,8.14
12/5/99,8.115,8.253
12/6/99,8.11,8.14
12/7/99,8.033,8.14
12/8/99,7.867,7.943
12/9/99,7.707,7.83
12/10/99,7.68,7.71
12/11/99,7.621,7.83
12/12/99,7.166,7.248
12/13/99,7.148,7.21
12/14/99,7.067,7.135
12/15/99,7.191,7.483
12/16/99,7.373,7.408
12/17/99,7.347,7.37
12/18/99,7.23,7.37
12/19/99,7.189,7.37
12/20/99,6.887,7.06
12/21/99,6.797,6.91
12/22/99,6.839,7.023
12/23/99,7.129,7.29
12/24/99,7.036,7.25
12/25/99,6.731,6.91
12/26/99,6.428,6.63
12/27/99,6.334,6.59
12/28/99,5.777,5.94
12/29/99,5.858,6.093
12/30/99,5.85,6.13
12/31/99,6.161,6.328
1/1/00,6.22,6.29
1/2/00,5.898,6.29
1/3/00,5.789,5.98
1/4/00,5.644,5.82
1/5/00,5.854,5.98
1/6/00,5.725,5.82
1/7/00,5.438,5.55
1/8/00,5.496,5.668
1/9/00,5.707,5.82
1/10/00,5.709,5.82
1/11/00,5.59,5.82
1/12/00,5.756,5.82
1/13/00,5.74,5.82
1/14/00,5.304,5.67
1/15/00,4.111,4.57
1/16/00,3.637,3.95
1/17/00,4.241,4.77
1/18/00,3.451,4.183
1/19/00,3.972,4.263
1/20/00,4.082,4.223
1/21/00,3.83,3.95
1/22/00,3.325,3.91
1/23/00,2.774,3.4
1/24/00,3.427,3.67
1/25/00,3.165,3.63
1/26/00,3.214,3.4
1/27/00,3.24,3.32
1/28/00,2.907,3.16
1/29/00,2.058,2.49
1/30/00,1.372,1.7
1/31/00,1.691,2.37
2/1/00,2.124,2.45
2/2/00,2.48,2.69
2/3/00,2.058,2.53
2/4/00,2.18,2.37
2/5/00,2.2,2.41
2/6/00,2.47,2.61
2/7/00,2.566,2.728
2/8/00,2.798,3.01
2/9/00,2.621,2.803
2/10/00,2.831,3.01
2/11/00,2.727,2.84
2/12/00,2.557,2.69
2/13/00,2.39,2.53
2/14/00,2.343,2.41
2/15/00,2.301,2.41
2/16/00,2.39,2.49
2/17/00,2.58,3.123
2/18/00,2.586,2.765
2/19/00,2.42,2.77
2/20/00,2.413,2.53
2/21/00,2.706,2.84
2/22/00,2.663,2.84
2/23/00,2.737,2.925
2/24/00,2.938,3.085
2/25/00,2.988,3.048
2/26/00,3.01,3.01
2/27/00,3.069,3.16
2/28/00,3.17,3.24
2/29/00,3.29,3.32
3/1/00,3.357,3.48
3/2/00,3.45,3.48
3/3/00,3.467,3.48
3/4/00,3.505,3.593
3/5/00,3.47,3.48
3/6/00,3.521,3.63
3/7/00,3.614,3.63
3/8/00,3.63,3.63
3/9/00,3.64,3.71
3/10/00,3.68,3.83
3/11/00,3.783,3.95
3/12/00,3.93,3.95
3/13/00,3.887,3.95
3/14/00,3.84,3.95
3/15/00,3.843,3.95
3/16/00,3.95,4.11
3/17/00,4.058,4.3
3/18/00,3.895,4.26
3/19/00,3.79,3.79
3/20/00,3.74,3.79
3/21/00,3.743,3.79
3/22/00,3.733,3.79
3/23/00,3.727,3.79
3/24/00,3.74,3.79
3/25/00,3.787,3.79
3/26/00,3.79,3.79
3/27/00,3.793,3.83
3/28/00,3.891,4.57
3/29/00,4.44,4.65
3/30/00,4.1,4.38
3/31/00,4.124,4.57
4/1/00,3.997,4.11
4/2/00,4.138,4.363
4/3/00,4.142,4.378
4/4/00,4.149,4.418
4/5/00,4.085,4.26
4/6/00,3.993,4.11
4/7/00,4.059,4.148
4/8/00,4.228,4.613
4/9/00,4.626,5.355
4/10/00,4.77,5.083
4/11/00,4.593,4.69
4/12/00,4.58,4.69
4/13/00,4.828,5.003
4/14/00,5.088,5.398
4/15/00,5.288,5.59
4/16/00,5.236,5.473
4/17/00,5.301,5.63
4/18/00,5.835,6.093
4/19/00,6.033,6.13
4/20/00,5.98,5.98
4/21/00,6.113,6.29
4/22/00,6.1,6.25
4/23/00,5.873,6.093
4/24/00,5.82,5.82
4/25/00,5.837,5.94
4/26/00,5.972,6.13
4/27/00,5.89,5.98
4/28/00,5.918,6.21
4/29/00,5.84,6.018
4/30/00,5.847,5.98
5/1/00,5.906,6.055
5/2/00,6.071,6.325
5/3/00,6.032,6.13
5/4/00,6.138,6.325
5/5/00,6.013,6.21
5/6/00,5.849,6.093
5/7/00,5.83,5.9
5/8/00,5.83,5.9
5/9/00,5.867,5.98
5/10/00,6.257,8.64
5/11/00,8.023,9.3
5/12/00,8.619,8.95
5/13/00,8.496,9.22
5/14/00,7.714,8.253
5/15/00,7.426,8.06
5/16/00,7.107,7.6
5/17/00,7.315,8.25
5/18/00,7.115,7.6
5/19/00,6.316,6.983
5/20/00,6.824,7.678
5/21/00,7.287,8.098
5/22/00,6.814,7.638
5/23/00,6.803,7.77
5/24/00,7.183,8.575
5/25/00,6.48,6.84
5/26/00,6.393,6.68
5/27/00,7.063,7.575
5/28/00,7.405,7.728
5/29/00,8.003,9.663
5/30/00,8.227,9.933
5/31/00,7.838,10.01
6/1/00,6.987,7.385
6/2/00,6.747,6.99
6/3/00,6.897,7.385
6/4/00,7.296,8.04
6/5/00,7.73,8.423
6/6/00,10.465,12.378
6/7/00,11.285,11.715
6/8/00,11.05,11.56
6/9/00,10.799,11.255
6/10/00,11.009,11.753
6/11/00,10.87,11.56
6/12/00,10.624,11.14
6/13/00,9.837,10.56
6/14/00,9.691,10.518
6/15/00,8.586,9.235
6/16/00,8.451,8.765
6/17/00,8.528,8.765
6/18/00,8.475,8.803
6/19/00,8.511,8.845
6/20/00,8.006,8.46
6/21/00,7.84,8.118
6/22/00,7.579,7.845
6/23/00,7.307,7.538
6/24/00,7.71,8.46
6/25/00,8.178,8.69
6/26/00,7.414,7.653
6/27/00,7.242,7.688
6/28/00,7.36,7.808
6/29/00,7.717,8.345
6/30/00,7.579,7.96
7/1/00,7.482,7.92
7/2/00,7.54,8.113
7/3/00,7.672,8.343
7/4/00,7.569,8
7/5/00,7.915,8.46
7/6/00,8.346,9.623
7/7/00,8.985,9.663
7/8/00,9.1,10.478
7/9/00,9.319,11.445
7/10/00,8.579,10.558
7/11/00,8.352,9.04
7/12/00,8.933,9.585
7/13/00,9.174,10.323
7/14/00,8.893,9.78
7/15/00,8.38,8.728
7/16/00,8.727,9.468
7/17/00,8.109,8.383
7/18/00,9.57,11.215
7/19/00,9.289,10.363
7/20/00,10.7,12.923
7/21/00,10.993,13.498
7/22/00,9.851,12.92
7/23/00,8.796,9.738
7/24/00,9.105,10.013
7/25/00,9.076,9.855
7/26/00,9.379,10.793
7/27/00,10.157,11.1
7/28/00,13.664,17.84
7/29/00,13.949,15.34
7/30/00,13.171,15.18
7/31/00,12.774,15.458
8/1/00,13.963,17.36
8/2/00,12.769,15.415
8/3/00,12.745,16.248
8/4/00,11.104,13.385
8/5/00,11.131,12.375
8/6/00,10.481,11.405
8/7/00,9.953,10.825
8/8/00,9.596,10.4
8/9/00,9.976,10.753
8/10/00,9.837,10.868
8/11/00,10.312,11.563
8/12/00,11.349,12.803
8/13/00,11.233,14.198
8/14/00,14.202,17.44
8/15/00,16.46,18.08
8/16/00,13.548,15.5
8/17/00,11.386,12.183
8/18/00,12.17,13.693
8/19/00,10.959,11.988
8/20/00,10.169,11.448
8/21/00,11.268,13.38
8/22/00,11.864,13.54
8/23/00,10.431,11.715
8/24/00,9.341,10.595
8/25/00,9.091,9.548
8/26/00,9.237,9.623
8/27/00,9.214,9.583
8/28/00,9.266,9.778
8/29/00,10.128,11.523
8/30/00,9.765,11.173
8/31/00,9.613,10.515
9/1/00,10.155,11.103
9/2/00,10.552,11.795
9/3/00,11.36,12.378
9/4/00,12.08,13.58
9/5/00,15.556,17.24
9/6/00,16.953,17.36
9/7/00,16.344,16.745
9/8/00,12.075,14.448
9/9/00,11.215,11.753
9/10/00,12.094,13.353
9/11/00,11.903,13.123
9/12/00,11.045,11.91
9/13/00,10.402,11.055
9/14/00,10.262,10.588
9/15/00,10.38,10.55
9/16/00,9.986,10.278
9/17/00,9.531,9.845
9/18/00,9.687,9.963
9/19/00,10.49,11.483
9/20/00,10.76,11.328
9/21/00,10.282,11.248
9/22/00,9.719,10.235
9/23/00,10.565,11.405
9/24/00,10.852,11.29
9/25/00,10.526,11.52
9/26/00,12.715,14.13
9/27/00,12.971,14.28
9/28/00,12.46,14.28
9/29/00,13.531,14.245
9/30/00,13.069,14.05
10/1/00,11.72,12.85
10/2/00,11.008,11.483
10/3/00,11.066,11.368
10/4/00,11.021,11.638
10/5/00,11.039,11.483
10/6/00,12.395,13.24
10/7/00,12.2,13.59
10/8/00,12.247,12.578
10/9/00,12.484,13.398
10/10/00,13.372,13.51
10/11/00,12.504,13.083
10/12/00,12.002,12.538
10/13/00,11.774,12.185
10/14/00,11.59,12.225
10/15/00,11.413,12.5
10/16/00,11.954,12.46
10/17/00,12.208,12.42
10/18/00,12.243,12.42
10/19/00,12.21,12.42
10/20/00,11.901,12.38
10/21/00,11.641,11.875
10/22/00,11.459,11.715
10/23/00,11.7,12.11
10/24/00,11.514,11.715
10/25/00,11.375,11.638
10/26/00,11.331,11.638
10/27/00,11.247,11.755
10/28/00,10.998,11.873
10/29/00,10.589,11.055
10/30/00,10.412,10.59
10/31/00,10.787,10.86
11/1/00,10.832,10.86
11/2/00,10.557,10.59
11/3/00,10.55,10.55
11/4/00,10.59,10.71
11/5/00,10.681,10.86
11/6/00,10.56,10.67
11/7/00,10.52,10.55
11/8/00,10.477,10.55
11/9/00,10.463,10.55
11/10/00,10.483,10.63
11/11/00,10.603,10.71
11/12/00,10.67,10.71
11/13/00,10.57,10.67
11/14/00,10.55,10.55
11/15/00,10.497,10.55
11/16/00,10.369,10.55
11/17/00,10.214,10.32
11/18/00,10.067,10.17
11/19/00,9.963,10.01
11/20/00,9.907,10.01
11/21/00,9.809,9.898
11/22/00,9.589,9.82
11/23/00,9.48,9.66
11/24/00,9.117,9.23
11/25/00,9.01,9.23
11/26/00,9.036,9.08
11/27/00,8.989,9.193
11/28/00,8.941,9.23
11/29/00,8.908,9.193
11/30/00,9.146,9.23
12/1/00,8.649,9.005
12/2/00,8.086,8.318
12/3/00,7.984,8.395
12/4/00,8.14,8.358
12/5/00,8.139,8.358
12/6/00,8.338,8.433
12/7/00,8.105,8.32
12/8/00,7.882,8.048
12/9/00,7.619,7.895
12/10/00,7.303,7.465
12/11/00,7.374,7.66
12/12/00,7.189,7.66
12/13/00,6.801,7.04
12/14/00,6.818,7.003
12/15/00,6.622,6.733
12/16/00,6.688,6.965
12/17/00,6.963,7.08
12/18/00,7.08,7.193
12/19/00,6.939,7.043
12/20/00,6.688,6.93
12/21/00,6.683,6.85
12/22/00,6.468,6.693
12/23/00,6.163,6.463
12/24/00,5.89,6.158
12/25/00,5.571,6
12/26/00,4.814,5.145
12/27/00,4.39,4.83
12/28/00,4.304,4.553
12/29/00,4.591,4.95
12/30/00,5.141,5.22
12/31/00,5.043,5.22
1/1/01,4.995,5.183
1/2/01,4.734,5.03
1/3/01,4.212,4.44
1/4/01,4.286,4.59
1/5/01,4.495,4.67
1/6/01,4.314,4.44
1/7/01,4.268,4.28
1/8/01,4.14,4.28
1/9/01,4.276,4.44
1/10/01,4.191,4.44
1/11/01,3.819,3.933
1/12/01,3.839,3.97
1/13/01,4.02,4.13
1/14/01,4.116,4.36
1/15/01,3.924,4.13
1/16/01,4.08,4.13
1/17/01,4.098,4.32
1/18/01,3.987,4.09
1/19/01,3.958,3.97
1/20/01,4.049,4.243
1/21/01,4.105,4.28
1/22/01,4.194,4.28
1/23/01,3.885,4.13
1/24/01,3.736,3.97
1/25/01,3.962,4.13
1/26/01,3.703,3.82
1/27/01,3.623,3.82
1/28/01,3.547,3.66
1/29/01,3.34,3.43
1/30/01,3.206,3.35
1/31/01,3.217,3.35
2/1/01,3.412,3.66
2/2/01,3.433,3.51
2/3/01,3.482,3.623
2/4/01,3.473,3.78
2/5/01,3.267,3.548
2/6/01,3.636,3.82
2/7/01,3.878,3.97
2/8/01,3.756,3.933
2/9/01,3.684,3.82
2/10/01,3.7,3.82
2/11/01,3.409,3.623
2/12/01,3.035,3.118
2/13/01,3.022,3.273
2/14/01,3.093,3.19
2/15/01,3.448,3.623
2/16/01,3.287,3.43
2/17/01,3.287,3.39
2/18/01,3.049,3.115
2/19/01,3.064,3.43
2/20/01,3.271,3.43
2/21/01,3.29,3.428
2/22/01,3.078,3.35
2/23/01,3.274,3.35
2/24/01,3.337,3.47
2/25/01,3.293,3.35
2/26/01,3.477,3.51
2/27/01,3.39,3.548
2/28/01,3.317,3.43
3/1/01,3.19,3.19
3/2/01,3.059,3.19
3/3/01,3.09,3.31
3/4/01,3.39,3.51
3/5/01,3.486,3.66
3/6/01,3.576,3.66
3/7/01,3.426,3.78
3/8/01,2.999,3.153
3/9/01,3.02,3.04
3/10/01,2.97,3.04
3/11/01,3.054,3.31
3/12/01,3.425,3.66
3/13/01,3.33,3.51
3/14/01,3.343,3.39
3/15/01,3.386,3.51
3/16/01,3.36,3.43
3/17/01,3.403,3.548
3/18/01,3.521,3.66
3/19/01,3.51,3.51
3/20/01,3.6,3.69
3/21/01,3.69,3.69
3/22/01,3.793,3.84
3/23/01,3.831,3.84
3/24/01,3.774,3.84
3/25/01,3.84,3.84
3/26/01,3.828,3.84
3/27/01,3.828,3.84
3/28/01,3.84,3.84
3/29/01,3.84,3.84
3/30/01,3.95,4
3/31/01,3.933,4
4/1/01,3.853,3.96
4/2/01,3.793,3.84
4/3/01,3.787,3.84
4/4/01,3.84,3.84
4/5/01,3.84,3.84
4/6/01,3.873,4.04
4/7/01,4.178,4.47
4/8/01,4.326,4.63
4/9/01,4.163,4.32
4/10/01,4.264,4.75
4/11/01,4.209,4.748
4/12/01,4.156,4.32
4/13/01,4.156,4.28
4/14/01,4.073,4.513
4/15/01,4.445,4.78
4/16/01,4.599,4.9
4/17/01,4.409,4.59
4/18/01,4.894,5.57
4/19/01,5.259,5.49
4/20/01,5.147,5.45
4/21/01,5.11,5.298
4/22/01,4.774,5.02
4/23/01,4.622,4.863
4/24/01,4.579,4.82
4/25/01,4.289,4.868
4/26/01,4.524,4.86
4/27/01,4.98,5.49
4/28/01,4.545,5.058
4/29/01,4.922,5.723
4/30/01,4.498,4.98
5/1/01,4.469,4.668
5/2/01,4.586,4.668
5/3/01,4.72,4.78
5/4/01,4.809,5.02
5/5/01,4.783,4.9
5/6/01,5.629,6.62
5/7/01,5.867,7.673
5/8/01,4.922,6
5/9/01,4.599,4.785
5/10/01,4.569,4.705
5/11/01,4.424,4.51
5/12/01,4.477,4.59
5/13/01,4.592,4.82
5/14/01,5.454,5.92
5/15/01,5.669,8.223
5/16/01,9.813,10.278
5/17/01,9.418,9.77
5/18/01,8.386,9.61
5/19/01,6.463,8.83
5/20/01,7.383,8.945
5/21/01,6.033,7.473
5/22/01,6.597,8.173
5/23/01,6.568,8.13
5/24/01,8.178,11.315
5/25/01,7.924,9.565
5/26/01,7.494,9.1
5/27/01,7.047,8.985
5/28/01,6.551,7.2
5/29/01,6.437,6.773
5/30/01,6.228,6.733
5/31/01,6.038,7.085
6/1/01,7.33,8.055
6/2/01,8.076,11.155
6/3/01,6.507,7.705
6/4/01,5.943,6.578
6/5/01,6.298,6.85
6/6/01,7.151,7.978
6/7/01,7.738,8.21
6/8/01,7.809,8.368
6/9/01,7.592,8.21
6/10/01,7.343,7.745
6/11/01,7.051,7.433
6/12/01,6.854,7.278
6/13/01,6.922,7.278
6/14/01,6.811,7.125
6/15/01,6.85,7.085
6/16/01,6.949,7.203
6/17/01,6.992,7.123
6/18/01,6.974,7.16
6/19/01,7.095,7.32
6/20/01,6.821,7.01
6/21/01,6.768,7.048
6/22/01,7.44,8.908
6/23/01,7.041,7.513
6/24/01,6.873,7.123
6/25/01,6.86,7.358
6/26/01,7.265,7.978
6/27/01,7.553,8.328
6/28/01,7.337,7.86
6/29/01,7.858,9.41
6/30/01,7.767,9.18
7/1/01,7.505,7.94
7/2/01,7.35,7.745
7/3/01,7.391,8.405
7/4/01,7.732,8.598
7/5/01,7.586,8.638
7/6/01,7.113,7.588
7/7/01,6.733,6.97
7/8/01,6.918,7.358
7/9/01,6.785,7.32
7/10/01,6.547,6.888
7/11/01,6.528,6.968
7/12/01,6.495,6.89
7/13/01,6.666,6.85
7/14/01,7.064,7.588
7/15/01,7.304,7.86
7/16/01,7.076,7.783
7/17/01,6.837,7.628
7/18/01,6.714,7.2
7/19/01,7.118,8.365
7/20/01,7.404,8.56
7/21/01,7.613,9.02
7/22/01,7.164,8.133
7/23/01,6.937,7.51
7/24/01,6.655,7.165
7/25/01,6.594,6.93
7/26/01,6.798,7.783
7/27/01,8.028,9.293
7/28/01,7.78,8.6
7/29/01,7.462,8.718
7/30/01,7.261,7.938
7/31/01,7.295,7.9
8/1/01,7.496,8.21
8/2/01,8.009,9.295
8/3/01,7.465,8.558
8/4/01,7.129,7.858
8/5/01,8.033,9.103
8/6/01,8.059,9.103
8/7/01,7.2,7.863
8/8/01,7.656,8.985
8/9/01,8.346,9.14
8/10/01,7.48,8.213
8/11/01,7.418,7.903
8/12/01,7.831,8.675
8/13/01,7.968,8.523
8/14/01,7.905,9.063
8/15/01,8.103,9.255
8/16/01,7.832,8.638
8/17/01,7.538,8.328
8/18/01,7.43,7.938
8/19/01,7.291,7.665
8/20/01,7.712,8.945
8/21/01,7.589,8.638
8/22/01,7.901,8.873
8/23/01,8.714,10.035
8/24/01,8.747,10.46
8/25/01,9.753,11.858
8/26/01,10.23,11.7
8/27/01,8.469,10.073
8/28/01,8.133,8.87
8/29/01,8.378,9.45
8/30/01,8.22,8.91
8/31/01,8.397,9.45
9/1/01,7.463,7.82
9/2/01,8.064,9.92
9/3/01,8.905,10.033
9/4/01,7.537,8.33
9/5/01,7.206,7.743
9/6/01,7.802,8.563
9/7/01,8.006,9.15
9/8/01,7.68,8.493
9/9/01,7.466,8.145
9/10/01,7.758,8.34
9/11/01,7.856,8.453
9/12/01,8.073,8.913
9/13/01,8.848,9.965
9/14/01,8.249,8.838
9/15/01,9.634,10.55
9/16/01,9.363,10.705
9/17/01,9.264,11.055
9/18/01,9.761,11.133
9/19/01,9.984,11.095
9/20/01,10.649,12.848
9/21/01,9.017,9.533
9/22/01,8.601,9.065
9/23/01,8.809,9.963
9/24/01,9.76,10.393
9/25/01,10.512,11.715
9/26/01,9.451,10.745
9/27/01,8.856,9.26
9/28/01,9.415,10.705
9/29/01,13.286,14.205
9/30/01,14.212,14.4
10/1/01,14.208,14.32
10/2/01,14.233,14.28
10/3/01,14.173,14.28
10/4/01,13.911,14.283
10/5/01,13.008,13.63
10/6/01,11.233,13.353
10/7/01,9.483,11.29
10/8/01,9.304,10.55
10/9/01,10.746,12.925
10/10/01,11.421,13.003
10/11/01,9.876,10.94
10/12/01,9.489,10
10/13/01,9.284,9.765
10/14/01,10.218,10.865
10/15/01,10.276,11.095
10/16/01,9.616,11.173
10/17/01,9.828,10.628
10/18/01,8.441,8.918
10/19/01,8.834,9.263
10/20/01,9.09,9.495
10/21/01,9.212,10.435
10/22/01,8.872,9.188
10/23/01,8.986,9.495
10/24/01,8.808,9.028
10/25/01,8.581,8.798
10/26/01,8.386,8.685
10/27/01,8.339,8.605
10/28/01,8.402,8.875
10/29/01,8.722,8.99
10/30/01,9.193,9.42
10/31/01,9.138,9.38
11/1/01,9.522,9.845
11/2/01,9.443,9.808
11/3/01,9.076,9.533
11/4/01,8.84,9.143
11/5/01,8.859,9.145
11/6/01,9.046,9.573
11/7/01,9.453,9.73
11/8/01,9.44,9.78
11/9/01,9.271,9.663
11/10/01,9.206,9.31
11/11/01,9.056,9.235
11/12/01,8.943,9
11/13/01,8.731,8.84
11/14/01,8.687,8.728
11/15/01,8.656,8.69
11/16/01,8.59,8.69
11/17/01,8.609,8.69
11/18/01,8.526,8.615
11/19/01,8.42,8.575
11/20/01,8.608,8.803
11/21/01,8.481,8.765
11/22/01,8.34,8.423
11/23/01,8.404,8.54
11/24/01,8.315,8.42
11/25/01,8.328,8.69
11/26/01,8.35,8.578
11/27/01,8.371,8.46
11/28/01,8.34,8.383
11/29/01,8.587,8.69
11/30/01,8.555,8.653
12/1/01,8.505,8.69
12/2/01,8.437,8.54
12/3/01,8.38,8.38
12/4/01,8.358,8.38
12/5/01,8.38,8.38
12/6/01,8.407,8.54
12/7/01,8.497,8.54
12/8/01,8.454,8.54
12/9/01,8.321,8.46
12/10/01,8.137,8.38
12/11/01,8.13,8.193
12/12/01,8.023,8.155
12/13/01,7.947,8.078
12/14/01,7.977,8.08
12/15/01,8.023,8.08
12/16/01,7.751,7.92
12/17/01,7.498,7.65
12/18/01,7.504,7.69
12/19/01,7.394,7.808
12/20/01,7.66,7.843
12/21/01,7.729,7.92
12/22/01,7.485,7.61
12/23/01,7.207,7.348
12/24/01,7.326,7.69
12/25/01,7.637,7.77
12/26/01,7.61,7.61
12/27/01,7.448,7.535
12/28/01,7.276,7.348
12/29/01,7.043,7.31
12/30/01,6.906,6.99
12/31/01,6.643,6.84
1/1/02,6.531,6.68
1/2/02,6.302,6.45
1/3/02,6.317,6.37
1/4/02,6.153,6.333
1/5/02,5.9,6.06
1/6/02,6.073,6.295
1/7/02,6.17,6.22
1/8/02,6.093,6.22
1/9/02,5.863,6.06
1/10/02,5.53,5.86
1/11/02,5.732,5.86
1/12/02,5.873,6.06
1/13/02,5.785,6.02
1/14/02,5.77,5.9
1/15/02,5.757,5.9
1/16/02,5.48,5.59
1/17/02,5.397,5.59
1/18/02,5.31,5.47
1/19/02,5.487,5.59
1/20/02,5.343,5.43
1/21/02,5.267,5.28
1/22/02,5.137,5.24
1/23/02,5.196,5.43
1/24/02,5.319,5.43
1/25/02,5.042,5.123
1/26/02,5.141,5.433
1/27/02,5.276,5.43
1/28/02,5.33,5.43
1/29/02,5.462,5.59
1/30/02,5.43,5.59
1/31/02,5.239,5.47
2/1/02,4.85,5.005
2/2/02,4.993,5.318
2/3/02,4.928,5.2
2/4/02,4.971,5.12
2/5/02,4.829,5.045
2/6/02,4.635,4.81
2/7/02,4.683,4.853
2/8/02,4.785,5.045
2/9/02,4.738,4.93
2/10/02,4.727,4.968
2/11/02,4.775,5.045
2/12/02,4.509,4.66
2/13/02,4.44,4.533
2/14/02,4.303,4.453
2/15/02,4.55,4.62
2/16/02,4.645,4.733
2/17/02,4.692,4.77
2/18/02,4.437,4.62
2/19/02,4.46,4.46
2/20/02,4.457,4.46
2/21/02,4.38,4.46
2/22/02,4.457,4.62
2/23/02,4.611,4.77
2/24/02,4.619,4.77
2/25/02,4.523,4.62
2/26/02,4.641,4.733
2/27/02,4.754,4.77
2/28/02,4.769,4.85
3/1/02,4.79,5.08
3/2/02,4.769,4.89
3/3/02,4.798,5.005
3/4/02,4.93,5.08
3/5/02,4.885,5.08
3/6/02,4.773,4.968
3/7/02,4.911,5.043
3/8/02,4.916,5.043
3/9/02,4.943,5.005
3/10/02,5.099,5.24
3/11/02,5.008,5.12
3/12/02,5.006,5.24
3/13/02,5.063,5.24
3/14/02,5.134,5.24
3/15/02,5.173,5.24
3/16/02,5.227,5.24
3/17/02,5.217,5.24
3/18/02,5.097,5.2
3/19/02,5.021,5.08
3/20/02,5.021,5.08
3/21/02,5.052,5.08
3/22/02,4.98,5.08
3/23/02,4.84,4.93
3/24/02,4.86,4.93
3/25/02,4.93,4.93
3/26/02,4.93,4.93
3/27/02,4.93,4.93
3/28/02,4.936,5.005
3/29/02,5.01,5.24
3/30/02,5.148,5.24
3/31/02,5.138,5.24
4/1/02,5.202,5.353
4/2/02,5.154,5.55
4/3/02,5.194,5.55
4/4/02,5.214,5.43
4/5/02,5.297,5.745
4/6/02,5.462,5.71
4/7/02,5.399,5.55
4/8/02,5.368,5.39
4/9/02,5.573,6.17
4/10/02,5.278,5.47
4/11/02,5.406,6.328
4/12/02,5.5,6.055
4/13/02,5.544,5.785
4/14/02,5.287,5.59
4/15/02,5.455,6.48
4/16/02,5.674,6.133
4/17/02,5.703,6.213
4/18/02,6.466,8.183
4/19/02,7.567,8.18
4/20/02,6.451,7.375
4/21/02,6.619,6.99
4/22/02,7.968,8.65
4/23/02,7.75,7.955
4/24/02,7.744,7.918
4/25/02,7.588,7.88
4/26/02,6.978,7.26
4/27/02,7.061,7.49
4/28/02,7.347,7.88
4/29/02,7.606,7.72
4/30/02,7.461,7.645
5/1/02,7.045,7.45
5/2/02,6.779,7.11
5/3/02,6.914,7.373
5/4/02,7.23,7.798
5/5/02,7.373,8.068
5/6/02,6.987,7.11
5/7/02,6.414,6.715
5/8/02,6.127,6.675
5/9/02,6.073,6.21
5/10/02,6.085,6.213
5/11/02,5.851,5.863
5/12/02,6.37,7.145
5/13/02,7.758,9.27
5/14/02,7.895,8.688
5/15/02,6.403,7.03
5/16/02,7.37,8.143
5/17/02,7.851,8.22
5/18/02,8.378,9.11
5/19/02,8.476,8.998
5/20/02,8.303,8.725
5/21/02,8.106,8.34
5/22/02,7.98,8.105
5/23/02,7.72,7.918
5/24/02,7.271,7.723
5/25/02,7.008,7.413
5/26/02,7.326,7.955
5/27/02,6.473,6.718
5/28/02,6.344,6.598
5/29/02,6.498,6.79
5/30/02,6.718,6.99
5/31/02,6.521,6.753
6/1/02,6.247,6.405
6/2/02,6.108,6.405
6/3/02,6.909,7.798
6/4/02,7.911,8.88
6/5/02,6.899,8.338
6/6/02,6.076,6.33
6/7/02,6.518,7.57
6/8/02,7.272,8.648
6/9/02,6.437,6.79
6/10/02,6.063,6.25
6/11/02,6.972,12.35
6/12/02,7.123,8.26
6/13/02,9.026,11.82
6/14/02,7.869,8.723
6/15/02,9.843,11.9
6/16/02,11.588,11.9
6/17/02,11.198,11.783
6/18/02,11.415,12.02
6/19/02,11.15,11.355
6/20/02,11.121,11.51
6/21/02,10.615,11.24
6/22/02,10.017,10.428
6/23/02,9.976,10.468
6/24/02,9.459,10.075
6/25/02,9.482,10.118
6/26/02,9.275,10.31
6/27/02,7.986,9.46
6/28/02,7.758,8.763
6/29/02,8.082,8.995
6/30/02,8.317,9.27
7/1/02,7.279,8.335
7/2/02,7.063,7.64
7/3/02,7.359,7.64
7/4/02,7.625,7.91
7/5/02,7.403,7.565
7/6/02,8.369,10.66
7/7/02,8.985,9.883
7/8/02,8.556,9.268
7/9/02,8.15,9.11
7/10/02,8.203,8.76
7/11/02,8.734,9.615
7/12/02,9.55,10.778
7/13/02,8.937,10.35
7/14/02,8.372,8.958
7/15/02,8.2,8.57
7/16/02,7.947,8.22
7/17/02,7.969,8.223
7/18/02,8.081,8.568
7/19/02,8.042,8.413
7/20/02,8.872,10.623
7/21/02,9.121,9.963
7/22/02,8.847,9.77
7/23/02,7.957,8.3
7/24/02,8.204,8.918
7/25/02,9.03,10.155
7/26/02,9.034,10.505
7/27/02,8.701,9.81
7/28/02,7.974,8.605
7/29/02,7.892,8.338
7/30/02,7.83,8.453
7/31/02,8.175,8.995
8/1/02,8.973,9.808
8/2/02,9.31,10.153
8/3/02,8.444,9.033
8/4/02,8.292,8.648
8/5/02,8.618,9.268
8/6/02,8.414,8.84
8/7/02,9.387,9.883
8/8/02,9.982,10.643
8/9/02,10.606,12.733
8/10/02,9.825,11.795
8/11/02,9.162,10.205
8/12/02,8.941,10.088
8/13/02,8.507,9.153
8/14/02,8.62,9.623
8/15/02,8.707,9.508
8/16/02,8.583,8.96
8/17/02,8.545,8.96
8/18/02,9.175,9.895
8/19/02,9.529,9.933
8/20/02,9.438,9.933
8/21/02,9.768,10.788
8/22/02,9.806,10.825
8/23/02,10.065,14.593
8/24/02,11.091,12.965
8/25/02,11.299,14.048
8/26/02,11.814,13.235
8/27/02,11.118,12.888
8/28/02,12.465,14.178
8/29/02,13.346,16.7
8/30/02,15.837,16.86
8/31/02,16.539,17.18
9/1/02,15.597,17.18
9/2/02,16.169,17.215
9/3/02,17.013,17.41
9/4/02,16.856,17.295
9/5/02,15.404,17.298
9/6/02,15.085,16.78
9/7/02,14.976,16.7
9/8/02,13.776,16.898
9/9/02,11.745,13.468
9/10/02,11.143,12.375
9/11/02,10.396,11.405
9/12/02,10.434,11.408
9/13/02,12.324,12.848
9/14/02,12.861,13.428
9/15/02,12.596,13.043
9/16/02,11.624,12.968
9/17/02,11.31,11.833
9/18/02,10.917,11.25
9/19/02,10.748,11.445
9/20/02,10.463,10.98
9/21/02,10.243,10.438
9/22/02,10.3,10.44
9/23/02,10.516,10.985
9/24/02,10.63,11.14
9/25/02,11.454,12.578
9/26/02,11.45,12.343
9/27/02,12.246,13.895
9/28/02,11.215,13.47
9/29/02,11.955,13.583
9/30/02,12.362,14.4
10/1/02,11.373,12.028
10/2/02,11.118,11.523
10/3/02,11.407,11.755
10/4/02,12.531,14.123
10/5/02,11.558,12.775
10/6/02,10.832,11.6
10/7/02,11.204,12.26
10/8/02,11.233,11.833
10/9/02,11.855,13.238
10/10/02,12.587,13.428
10/11/02,12.221,13.43
10/12/02,13.479,14.2
10/13/02,14.228,14.433
10/14/02,13.95,14.433
10/15/02,13.851,14.32
10/16/02,13.545,13.7
10/17/02,13.446,13.54
10/18/02,13.431,13.503
10/19/02,13.348,13.465
10/20/02,13.063,13.315
10/21/02,12.92,13.16
10/22/02,12.71,12.85
10/23/02,12.605,12.77
10/24/02,12.34,12.42
10/25/02,12.141,12.22
10/26/02,12.096,12.22
10/27/02,12.012,12.14
10/28/02,11.883,12.065
10/29/02,10.751,11.755
10/30/02,#DIV/0!,0
10/31/02,#DIV/0!,0