Date,YY,MM,godas_5,godas_15,godas_25
1980-01-01,1980,1,6.033166503906273,6.034692382812523,6.039270019531273
1980-02-01,1980,2,4.060144042968773,4.054040527343773,4.060144042968773
1980-03-01,1980,3,2.9996276855468977,2.9981018066406477,2.9981018066406477
1980-04-01,1980,4,3.9762207031250223,3.9350219726562727,3.9243408203125223
1980-05-01,1980,5,7.023492431640648,6.625238037109398,5.990441894531273
1980-06-01,1980,6,10.426324462890648,9.367333984375025,7.140985107421898
1980-07-01,1980,7,14.947625732421898,12.002587890625025,8.032128906250023
1980-08-01,1980,8,16.195825195312523,13.311822509765648,9.788476562500025
1980-09-01,1980,9,16.365197753906273,16.058496093750023,12.109399414062525
1980-10-01,1980,10,12.603814697265648,12.374932861328148,11.862207031250025
1980-11-01,1980,11,9.707604980468773,9.721337890625025,9.732019042968773
1980-12-01,1980,12,7.568261718750023,7.565209960937523,7.571313476562523
1981-01-01,1981,1,5.256463623046898,5.254937744140648,5.254937744140648
1981-02-01,1981,2,3.4772583007812727,3.4772583007812727,3.4772583007812727
1981-03-01,1981,3,2.9660583496093977,2.9660583496093977,2.9630065917968977
1981-04-01,1981,4,4.098291015625023,4.086083984375023,4.072351074218773
1981-05-01,1981,5,6.793084716796898,6.631341552734398,6.431451416015648
1981-06-01,1981,6,12.117028808593773,10.919183349609398,8.140466308593773
1981-07-01,1981,7,15.640405273437525,14.219750976562525,9.919702148437525
1981-08-01,1981,8,17.589013671875023,15.399316406250025,11.343377685546898
1981-09-01,1981,9,16.204980468750023,15.785363769531273,12.164331054687525
1981-10-01,1981,10,10.810845947265648,10.760491943359398,10.673516845703148
1981-11-01,1981,11,8.511285400390648,8.517388916015648,8.521966552734398
1981-12-01,1981,12,5.836328125000023,5.839379882812523,5.845483398437523
1982-01-01,1982,1,4.031152343750023,4.025048828125023,4.020471191406273
1982-02-01,1982,2,2.5235534667968977,2.5266052246093977,2.5220275878906477
1982-03-01,1982,3,2.3190856933593977,2.3312927246093977,2.3572326660156477
1982-04-01,1982,4,3.6664672851562727,3.6924072265625223,3.7824340820312727
1982-05-01,1982,5,5.598291015625023,5.030633544921898,4.621697998046898
1982-06-01,1982,6,9.956323242187525,9.478723144531273,8.555535888671898
1982-07-01,1982,7,15.133782958984398,11.883569335937525,8.360223388671898
1982-08-01,1982,8,15.718225097656273,11.073297119140648,6.724420166015648
1982-09-01,1982,9,14.146508789062525,12.168908691406273,8.032128906250023
1982-10-01,1982,10,10.310327148437525,9.437524414062525,6.684747314453148
1982-11-01,1982,11,8.055017089843773,7.696435546875023,6.968560791015648
1982-12-01,1982,12,6.922784423828148,6.909051513671898,6.843438720703148
1983-01-01,1983,1,5.760034179687523,5.747827148437523,5.729516601562523
1983-02-01,1983,2,3.9502807617187727,3.9380737304687727,3.9304443359375223
1983-03-01,1983,3,3.2483764648437727,3.2483764648437727,3.2483764648437727
1983-04-01,1983,4,3.4787841796875227,3.4452148437500227,3.4162231445312727
1983-05-01,1983,5,5.729516601562523,5.366357421875023,5.370935058593773
1983-06-01,1983,6,11.025994873046898,8.070275878906273,8.196923828125023
1983-07-01,1983,7,14.968988037109398,10.284387207031273,9.579431152343773
1983-08-01,1983,8,15.292474365234398,13.252313232421898,9.765588378906273
1983-09-01,1983,9,15.713647460937525,14.695855712890648,11.521936035156273
1983-10-01,1983,10,12.620599365234398,12.440545654296898,11.227410888671898
1983-11-01,1983,11,10.374444580078148,10.377496337890648,10.382073974609398
1983-12-01,1983,12,7.578942871093773,7.578942871093773,7.574365234375023
1984-01-01,1984,1,5.257989501953148,5.257989501953148,5.261041259765648
1984-02-01,1984,2,4.194421386718773,4.192895507812523,4.194421386718773
1984-03-01,1984,3,3.4009643554687727,3.4055419921875227,3.4070678710937727
1984-04-01,1984,4,3.8282104492187727,3.8144775390625223,3.8160034179687727
1984-05-01,1984,5,5.967553710937523,5.813439941406273,5.729516601562523
1984-06-01,1984,6,10.284387207031273,9.239129638671898,8.079431152343773
1984-07-01,1984,7,15.751794433593773,11.866784667968773,8.219812011718773
1984-08-01,1984,8,17.753808593750023,9.387170410156273,6.634393310546898
1984-09-01,1984,9,14.734002685546898,9.315423583984398,5.607446289062523
1984-10-01,1984,10,11.108392333984398,10.356134033203148,7.594201660156273
1984-11-01,1984,11,9.857141113281273,9.832727050781273,9.289483642578148
1984-12-01,1984,12,7.678125000000023,7.659814453125023,7.636926269531273
1985-01-01,1985,1,5.807336425781273,5.807336425781273,5.804284667968773
1985-02-01,1985,2,4.174584960937523,4.176110839843773,4.176110839843773
1985-03-01,1985,3,3.7854858398437727,3.7885375976562727,3.7885375976562727
1985-04-01,1985,4,4.391290283203148,4.311944580078148,4.188317871093773
1985-05-01,1985,5,6.977716064453148,6.663385009765648,6.216271972656273
1985-06-01,1985,6,10.910028076171898,10.406488037109398,7.957360839843773
1985-07-01,1985,7,14.149560546875025,11.758447265625025,8.113000488281273
1985-08-01,1985,8,16.749749755859398,10.893243408203148,6.802239990234398
1985-09-01,1985,9,16.046289062500023,14.805718994140648,9.521447753906273
1985-10-01,1985,10,12.989862060546898,12.992913818359398,11.044305419921898
1985-11-01,1985,11,9.927331542968773,9.953271484375025,10.008203125000025
1985-12-01,1985,12,7.136407470703148,7.148614501953148,7.169976806640648
1986-01-01,1986,1,5.257989501953148,5.264093017578148,5.270196533203148
1986-02-01,1986,2,3.8175292968750223,3.8480468750000223,3.9136596679687727
1986-03-01,1986,3,3.4452148437500227,3.4909912109375227,3.5932250976562727
1986-04-01,1986,4,5.257989501953148,5.183221435546898,5.068780517578148
1986-05-01,1986,5,7.752893066406273,7.493493652343773,6.934991455078148
1986-06-01,1986,6,10.874932861328148,10.437005615234398,7.986352539062523
1986-07-01,1986,7,14.361657714843773,12.899835205078148,9.637414550781273
1986-08-01,1986,8,16.729913330078148,12.904412841796898,10.154687500000025
1986-09-01,1986,9,14.825555419921898,14.138879394531273,11.969018554687525
1986-10-01,1986,10,12.626702880859398,12.574822998046898,12.178063964843773
1986-11-01,1986,11,10.572808837890648,10.568231201171898,10.551446533203148
1986-12-01,1986,12,8.726434326171898,8.726434326171898,8.729486083984398
1987-01-01,1987,1,7.162347412109398,7.163873291015648,7.163873291015648
1987-02-01,1987,2,4.954339599609398,4.952813720703148,4.952813720703148
1987-03-01,1987,3,3.4146972656250227,3.4101196289062727,3.4574218750000227
1987-04-01,1987,4,4.173059082031273,4.153222656250023,4.127282714843773
1987-05-01,1987,5,7.194390869140648,6.971612548828148,6.353631591796898
1987-06-01,1987,6,11.479211425781273,8.903436279296898,6.086572265625023
1987-07-01,1987,7,15.440515136718773,10.321008300781273,6.297143554687523
1987-08-01,1987,8,17.231927490234398,11.769128417968773,7.688806152343773
1987-09-01,1987,9,15.551904296875025,13.401879882812525,8.544854736328148
1987-10-01,1987,10,12.336755371093773,12.356622314453148,11.410546875000025
1987-11-01,1987,11,9.030084228515648,9.030084228515648,9.030084228515648
1987-12-01,1987,12,6.414666748046898,6.440606689453148,6.481805419921898
1988-01-01,1988,1,4.971124267578148,4.966546630859398,4.971124267578148
1988-02-01,1988,2,4.159326171875023,4.154748535156273,4.156274414062523
1988-03-01,1988,3,3.8098999023437727,3.8053222656250223,3.8037963867187727
1988-04-01,1988,4,4.348565673828148,4.308892822265648,4.281396484375023
1988-05-01,1988,5,7.559106445312523,7.134881591796898,5.688317871093773
1988-06-01,1988,6,11.351037597656273,10.307275390625025,7.638452148437523
1988-07-01,1988,7,16.351464843750023,11.268609619140648,7.559106445312523
1988-08-01,1988,8,16.958795166015648,11.027520751953148,7.876489257812523
1988-09-01,1988,9,14.720269775390648,13.704003906250025,9.468041992187525
1988-10-01,1988,10,11.273187255859398,11.236566162109398,10.673516845703148
1988-11-01,1988,11,9.724389648437525,9.724389648437525,9.727441406250025
1988-12-01,1988,12,8.018395996093773,8.022973632812523,8.022973632812523
1989-01-01,1989,1,6.825128173828148,6.825128173828148,6.825128173828148
1989-02-01,1989,2,6.120141601562523,6.120141601562523,6.123193359375023
1989-03-01,1989,3,4.871942138671898,4.870416259765648,4.871942138671898
1989-04-01,1989,4,5.218316650390648,5.193902587890648,5.193902587890648
1989-05-01,1989,5,8.468560791015648,7.606408691406273,7.490441894531273
1989-06-01,1989,6,13.148553466796898,11.492944335937525,8.792047119140648
1989-07-01,1989,7,16.494927978515648,11.927819824218773,7.688806152343773
1989-08-01,1989,8,17.271600341796898,10.263024902343773,7.140985107421898
1989-09-01,1989,9,16.195825195312523,13.546838378906273,9.432946777343773
1989-10-01,1989,10,12.142968750000025,12.092614746093773,11.784387207031273
1989-11-01,1989,11,10.791009521484398,10.780328369140648,10.763543701171898
1989-12-01,1989,12,6.573358154296898,6.574884033203148,6.579461669921898
1990-01-01,1990,1,4.441644287109398,4.440118408203148,4.444696044921898
1990-02-01,1990,2,3.6924072265625223,3.6924072265625223,3.7000366210937727
1990-03-01,1990,3,3.5520263671875227,3.5413452148437727,3.5352416992187727
1990-04-01,1990,4,4.754449462890648,4.551507568359398,4.461480712890648
1990-05-01,1990,5,7.688806152343773,7.342431640625023,5.779870605468773
1990-06-01,1990,6,11.576867675781273,9.741174316406273,6.497064208984398
1990-07-01,1990,7,16.107324218750023,12.554986572265648,6.681695556640648
1990-08-01,1990,8,19.763452148437523,16.690240478515648,11.038201904296898
1990-09-01,1990,9,17.350946044921898,17.233453369140648,15.440515136718773
1990-10-01,1990,10,14.259423828125025,14.268579101562525,14.286889648437525
1990-11-01,1990,11,10.676568603515648,10.685723876953148,10.699456787109398
1990-12-01,1990,12,8.331231689453148,8.334283447265648,8.334283447265648
1991-01-01,1991,1,6.303277587890648,6.306329345703148,6.315484619140648
1991-02-01,1991,2,4.626275634765648,4.623223876953148,4.626275634765648
1991-03-01,1991,3,4.049462890625023,4.040307617187523,4.038781738281273
1991-04-01,1991,4,4.754449462890648,4.533197021484398,4.383660888671898
1991-05-01,1991,5,7.871911621093773,6.431451416015648,4.212731933593773
1991-06-01,1991,6,12.986810302734398,9.669458007812525,3.6252685546875223
1991-07-01,1991,7,16.671929931640648,10.517877197265648,4.321099853515648
1991-08-01,1991,8,17.094598388671898,8.891229248046898,3.6954589843750223
1991-09-01,1991,9,14.590570068359398,12.730462646484398,6.156762695312523
1991-10-01,1991,10,12.533624267578148,12.428338623046898,8.398370361328148
1991-11-01,1991,11,9.269647216796898,9.233026123046898,9.158258056640648
1991-12-01,1991,12,6.963983154296898,6.948724365234398,6.930413818359398
1992-01-01,1992,1,5.018426513671898,5.000115966796898,4.974176025390648
1992-02-01,1992,2,3.7198730468750223,3.7152954101562727,3.7244506835937727
1992-03-01,1992,3,3.3490844726562727,3.3597656250000227,3.4040161132812727
1992-04-01,1992,4,3.7442871093750223,3.7473388671875223,3.7717529296875223
1992-05-01,1992,5,6.158288574218773,5.563195800781273,4.923822021484398
1992-06-01,1992,6,11.511254882812525,10.049401855468773,7.002130126953148
1992-07-01,1992,7,15.200921630859398,11.431909179687525,7.583520507812523
1992-08-01,1992,8,16.198876953125023,11.698937988281273,8.882073974609398
1992-09-01,1992,9,15.019342041015648,13.786401367187525,10.267602539062525
1992-10-01,1992,10,12.461907958984398,12.437493896484398,12.316918945312525
1992-11-01,1992,11,9.167413330078148,9.164361572265648,9.156732177734398
1992-12-01,1992,12,6.925836181640648,6.927362060546898,6.927362060546898
1993-01-01,1993,1,5.296166992187523,5.293115234375023,5.297692871093773
1993-02-01,1993,2,3.7351318359375223,3.7351318359375223,3.7442871093750223
1993-03-01,1993,3,2.6914001464843977,2.6669860839843977,2.6669860839843977
1993-04-01,1993,4,3.2132507324218977,3.1873107910156477,3.1445861816406477
1993-05-01,1993,5,7.101312255859398,6.371942138671898,5.169488525390648
1993-06-01,1993,6,10.903924560546898,9.872399902343773,6.674066162109398
1993-07-01,1993,7,16.063073730468773,10.771173095703148,6.637445068359398
1993-08-01,1993,8,17.933862304687523,11.842370605468773,8.358697509765648
1993-09-01,1993,9,15.988305664062525,14.338769531250025,10.588067626953148
1993-10-01,1993,10,12.423760986328148,12.468011474609398,12.133813476562525
1993-11-01,1993,11,9.335290527343773,9.355126953125025,9.402429199218773
1993-12-01,1993,12,7.615563964843773,7.620141601562523,7.629296875000023
1994-01-01,1994,1,5.093194580078148,5.093194580078148,5.093194580078148
1994-02-01,1994,2,3.1293273925781477,3.1278015136718977,3.1293273925781477
1994-03-01,1994,3,2.4838806152343977,2.4793029785156477,2.4731994628906477
1994-04-01,1994,4,3.6206909179687727,3.6054321289062727,3.6069580078125223
1994-05-01,1994,5,6.669488525390648,6.378045654296898,5.958398437500023
1994-06-01,1994,6,11.273187255859398,10.026513671875025,6.510797119140648
1994-07-01,1994,7,17.065606689453148,11.659265136718773,7.041802978515648
1994-08-01,1994,8,18.098657226562523,15.298577880859398,12.136865234375025
1994-09-01,1994,9,15.806726074218773,15.792993164062525,14.933892822265648
1994-10-01,1994,10,13.333184814453148,13.322503662109398,13.305718994140648
1994-11-01,1994,11,10.710137939453148,10.696405029296898,10.678094482421898
1994-12-01,1994,12,7.935998535156273,7.929895019531273,7.922265625000023
1995-01-01,1995,1,5.787500000000023,5.792077636718773,5.802758789062523
1995-02-01,1995,2,4.182214355468773,4.186791992187523,4.202050781250023
1995-03-01,1995,3,2.9141784667968977,2.8943420410156477,2.9828430175781477
1995-04-01,1995,4,3.4848876953125227,3.4238525390625227,3.5993286132812727
1995-05-01,1995,5,6.164392089843773,5.865319824218773,5.483850097656273
1995-06-01,1995,6,11.601281738281273,8.624200439453148,6.989923095703148
1995-07-01,1995,7,16.726861572265648,11.654687500000025,9.434472656250025
1995-08-01,1995,8,18.449639892578148,12.907464599609398,9.744226074218773
1995-09-01,1995,9,16.146997070312523,14.357080078125025,11.798120117187525
1995-10-01,1995,10,13.932885742187525,13.923730468750025,13.029534912109398
1995-11-01,1995,11,10.626214599609398,10.621636962890648,10.626214599609398
1995-12-01,1995,12,7.284417724609398,7.278314208984398,7.269158935546898
1996-01-01,1996,1,4.693414306640648,4.693414306640648,4.694940185546898
1996-02-01,1996,2,3.3948608398437727,3.3994384765625227,3.4055419921875227
1996-03-01,1996,3,2.9294372558593977,2.9324890136718977,2.9324890136718977
1996-04-01,1996,4,3.6435791015625223,3.6206909179687727,3.5520263671875227
1996-05-01,1996,5,7.864282226562523,6.587091064453148,5.152703857421898
1996-06-01,1996,6,13.484277343750025,8.344964599609398,5.251885986328148
1996-07-01,1996,7,14.209069824218773,8.897332763671898,5.605920410156273
1996-08-01,1996,8,17.070184326171898,11.170953369140648,7.241693115234398
1996-09-01,1996,9,14.900323486328148,14.233483886718773,9.880029296875025
1996-10-01,1996,10,11.730981445312525,11.732507324218773,11.430383300781273
1996-11-01,1996,11,9.121636962890648,9.123162841796898,9.129266357421898
1996-12-01,1996,12,7.072320556640648,7.064691162109398,7.096734619140648
1997-01-01,1997,1,5.567773437500023,5.583032226562523,5.616601562500023
1997-02-01,1997,2,4.229516601562523,4.247827148437523,4.322625732421898
1997-03-01,1997,3,4.180688476562523,4.186791992187523,4.195947265625023
1997-04-01,1997,4,4.664422607421898,4.632379150390648,4.597283935546898
1997-05-01,1997,5,7.403466796875023,7.195916748046898,6.967034912109398
1997-06-01,1997,6,11.726403808593773,10.313378906250025,8.904962158203148
1997-07-01,1997,7,16.290429687500023,12.449700927734398,7.928369140625023
1997-08-01,1997,8,17.038140869140648,14.144982910156273,8.688287353515648
1997-09-01,1997,9,15.542749023437525,15.023919677734398,12.081933593750025
1997-10-01,1997,10,12.780816650390648,12.791497802734398,12.727410888671898
1997-11-01,1997,11,9.762536621093773,9.762536621093773,9.762536621093773
1997-12-01,1997,12,7.449243164062523,7.449243164062523,7.450769042968773
1998-01-01,1998,1,5.914147949218773,5.914147949218773,5.917199707031273
1998-02-01,1998,2,4.513360595703148,4.513360595703148,4.517938232421898
1998-03-01,1998,3,4.044885253906273,4.043359375000023,4.043359375000023
1998-04-01,1998,4,5.348046875000023,5.299218750000023,5.082513427734398
1998-05-01,1998,5,8.235070800781273,7.998559570312523,7.281365966796898
1998-06-01,1998,6,12.142968750000025,10.807794189453148,9.136895751953148
1998-07-01,1998,7,16.951165771484398,12.376458740234398,8.247277832031273
1998-08-01,1998,8,18.507623291015648,11.671472167968773,7.662866210937523
1998-09-01,1998,9,16.078332519531273,13.960351562500025,8.492974853515648
1998-10-01,1998,10,12.110925292968773,12.068200683593773,10.852044677734398
1998-11-01,1998,11,8.946160888671898,8.943109130859398,8.933953857421898
1998-12-01,1998,12,7.305810546875023,7.321069335937523,7.339379882812523
1999-01-01,1999,1,5.767663574218773,5.784448242187523,5.805810546875023
1999-02-01,1999,2,4.408074951171898,4.420281982421898,4.440118408203148
1999-03-01,1999,3,3.1476379394531477,3.1476379394531477,3.1476379394531477
1999-04-01,1999,4,4.166955566406273,4.086083984375023,4.107446289062523
1999-05-01,1999,5,8.219812011718773,7.961938476562523,7.140985107421898
1999-06-01,1999,6,14.024438476562525,13.382043457031273,10.179101562500025
1999-07-01,1999,7,17.210565185546898,14.086999511718773,8.517388916015648
1999-08-01,1999,8,19.035577392578148,14.660760498046898,9.738122558593773
1999-09-01,1999,9,17.318902587890648,16.383508300781273,11.557031250000025
1999-10-01,1999,10,13.314874267578148,13.270623779296898,12.399346923828148
1999-11-01,1999,11,10.269128417968773,10.263024902343773,10.252343750000025
1999-12-01,1999,12,8.099267578125023,8.096215820312523,8.093164062500023
2000-01-01,2000,1,6.344476318359398,6.341424560546898,6.346002197265648
2000-02-01,2000,2,4.661370849609398,4.656793212890648,4.662896728515648
2000-03-01,2000,3,4.562188720703148,4.565240478515648,4.549981689453148
2000-04-01,2000,4,5.590661621093773,5.578454589843773,5.560144042968773
2000-05-01,2000,5,8.178613281250023,7.867333984375023,7.102838134765648
2000-06-01,2000,6,12.352014160156273,11.883569335937525,9.561120605468773
2000-07-01,2000,7,16.755853271484398,15.409997558593773,10.765069580078148
2000-08-01,2000,8,17.970483398437523,17.669885253906273,13.176019287109398
2000-09-01,2000,9,16.787896728515648,16.816888427734398,15.435937500000025
2000-10-01,2000,10,14.181604003906273,14.187707519531273,14.210595703125025
2000-11-01,2000,11,11.743188476562525,11.749291992187525,11.758447265625025
2000-12-01,2000,12,9.526025390625025,9.522973632812525,9.530603027343773
2001-01-01,2001,1,6.851068115234398,6.840386962890648,6.848016357421898
2001-02-01,2001,2,5.695947265625023,5.698999023437523,5.700524902343773
2001-03-01,2001,3,5.460961914062523,5.462487792968773,5.464013671875023
2001-04-01,2001,4,5.235101318359398,5.225946044921898,5.212213134765648
2001-05-01,2001,5,8.291528320312523,8.055017089843773,7.496545410156273
2001-06-01,2001,6,13.682641601562525,11.051934814453148,8.599786376953148
2001-07-01,2001,7,16.549859619140648,13.852014160156273,9.231500244140648
2001-08-01,2001,8,18.501519775390648,15.710595703125025,11.288446044921898
2001-09-01,2001,9,17.192254638671898,16.940484619140648,14.054956054687525
2001-10-01,2001,10,14.451715087890648,14.427301025390648,14.361657714843773
2001-11-01,2001,11,11.567712402343773,11.557031250000025,11.546350097656273
2001-12-01,2001,12,9.796105957031273,9.791528320312525,9.793054199218773
2002-01-01,2002,1,7.923791503906273,7.914636230468773,7.919213867187523
2002-02-01,2002,2,6.741204833984398,6.739678955078148,6.739678955078148
2002-03-01,2002,3,6.004174804687523,6.004174804687523,6.002648925781273
2002-04-01,2002,4,6.359735107421898,6.349053955078148,6.312432861328148
2002-05-01,2002,5,8.500604248046898,8.421258544921898,8.102319335937523
2002-06-01,2002,6,12.031579589843773,11.625695800781273,10.066186523437525
2002-07-01,2002,7,17.088494873046898,15.779260253906273,11.512780761718773
2002-08-01,2002,8,19.204949951171898,18.449639892578148,13.761987304687525
2002-09-01,2002,9,17.729394531250023,17.689721679687523,16.667352294921898
2002-10-01,2002,10,15.020867919921898,15.002557373046898,14.976617431640648
2002-11-01,2002,11,11.053460693359398,11.044305419921898,11.033624267578148
2002-12-01,2002,12,7.867333984375023,7.865808105468773,7.862756347656273
2003-01-01,2003,1,5.343469238281273,5.346520996093773,5.343469238281273
2003-02-01,2003,2,3.4299560546875227,3.4330078125000227,3.4284301757812727
2003-03-01,2003,3,3.0042053222656477,2.9736877441406477,2.8561950683593977
2003-04-01,2003,4,3.7275024414062727,3.7198730468750223,3.7122436523437727
2003-05-01,2003,5,7.031121826171898,6.747308349609398,5.857690429687523
2003-06-01,2003,6,11.334222412109398,10.266076660156273,8.381585693359398
2003-07-01,2003,7,16.067651367187523,12.333703613281273,9.464990234375025
2003-08-01,2003,8,17.920129394531273,14.161767578125025,9.886132812500025
2003-09-01,2003,9,16.787896728515648,16.610894775390648,12.449700927734398
2003-10-01,2003,10,13.418664550781273,13.392724609375025,12.507684326171898
2003-11-01,2003,11,9.063653564453148,9.048394775390648,9.033135986328148
2003-12-01,2003,12,6.423822021484398,6.431451416015648,6.440606689453148
2004-01-01,2004,1,4.629327392578148,4.626275634765648,4.635430908203148
2004-02-01,2004,2,2.5281311035156477,2.5098205566406477,2.5281311035156477
2004-03-01,2004,3,2.1191650390625227,2.1084838867187727,2.1115356445312727
2004-04-01,2004,4,3.2666870117187727,3.2330871582031477,3.1628967285156477
2004-05-01,2004,5,7.522485351562523,6.724420166015648,5.070306396484398
2004-06-01,2004,6,11.102288818359398,10.104333496093773,5.531152343750023
2004-07-01,2004,7,15.803674316406273,11.271661376953148,5.944665527343773
2004-08-01,2004,8,17.015252685546898,10.542291259765648,5.479272460937523
2004-09-01,2004,9,16.208032226562523,13.870324707031273,8.712701416015648
2004-10-01,2004,10,13.247735595703148,13.247735595703148,13.014276123046898
2004-11-01,2004,11,9.376489257812525,9.399377441406273,9.451257324218773
2004-12-01,2004,12,7.530114746093773,7.542321777343773,7.568261718750023
2005-01-01,2005,1,5.480798339843773,5.483850097656273,5.486901855468773
2005-02-01,2005,2,3.4223266601562727,3.4238525390625227,3.4238525390625227
2005-03-01,2005,3,2.7997375488281477,2.7921081542968977,2.7600646972656477
2005-04-01,2005,4,4.838372802734398,4.713250732421898,4.150170898437523
2005-05-01,2005,5,7.441613769531273,6.889215087890648,6.283410644531273
2005-06-01,2005,6,12.736566162109398,8.363275146484398,7.290521240234398
2005-07-01,2005,7,16.885552978515648,9.753381347656273,7.772729492187523
2005-08-01,2005,8,17.480676269531273,8.138940429687523,7.800195312500023
2005-09-01,2005,9,15.272637939453148,12.793023681640648,11.708093261718773
2005-10-01,2005,10,13.087518310546898,13.008172607421898,12.905938720703148
2005-11-01,2005,11,10.110437011718773,10.116540527343773,10.119592285156273
2005-12-01,2005,12,7.455346679687523,7.458398437500023,7.462976074218773
2006-01-01,2006,1,5.729516601562523,5.729516601562523,5.732568359375023
2006-02-01,2006,2,4.606439208984398,4.607965087890648,4.607965087890648
2006-03-01,2006,3,3.7900634765625223,3.7839599609375223,3.7687011718750223
2006-04-01,2006,4,5.076409912109398,4.980279541015648,4.763604736328148
2006-05-01,2006,5,7.366845703125023,6.858697509765648,6.278833007812523
2006-06-01,2006,6,11.651635742187525,9.104852294921898,8.088586425781273
2006-07-01,2006,7,15.608361816406273,8.935479736328148,7.968041992187523
2006-08-01,2006,8,16.615472412109398,9.690820312500025,7.925317382812523
2006-09-01,2006,9,14.581414794921898,13.731469726562525,12.023950195312525
2006-10-01,2006,10,13.044793701171898,13.191278076171898,13.432397460937525
2006-11-01,2006,11,10.470574951171898,10.478204345703148,10.577386474609398
2006-12-01,2006,12,8.421258544921898,8.413629150390648,8.439569091796898
2007-01-01,2007,1,6.844964599609398,6.835809326171898,6.864801025390648
2007-02-01,2007,2,4.406549072265648,4.400445556640648,4.418756103515648
2007-03-01,2007,3,3.7442871093750223,3.7381835937500223,3.7473388671875223
2007-04-01,2007,4,4.313470458984398,4.160852050781273,4.165429687500023
2007-05-01,2007,5,7.850549316406273,6.463494873046898,5.735620117187523
2007-06-01,2007,6,11.448693847656273,8.994989013671898,8.163354492187523
2007-07-01,2007,7,15.683129882812525,11.080926513671898,10.850518798828148
2007-08-01,2007,8,16.497979736328148,12.503106689453148,12.460382080078148
2007-09-01,2007,9,15.246697998046898,14.204492187500025,13.966455078125025
2007-10-01,2007,10,13.984765625000025,14.350976562500025,14.590570068359398
2007-11-01,2007,11,9.886132812500025,10.394281005859398,11.473107910156273
2007-12-01,2007,12,5.865319824218773,6.507745361328148,7.574365234375023
2008-01-01,2008,1,4.002160644531273,4.775811767578148,5.947717285156273
2008-02-01,2008,2,3.3048339843750227,4.130334472656273,5.084039306640648
2008-03-01,2008,3,3.1155944824218977,3.7015625000000223,4.827691650390648
2008-04-01,2008,4,4.917718505859398,4.635430908203148,5.059625244140648
2008-05-01,2008,5,7.461450195312523,7.177606201171898,6.631341552734398
2008-06-01,2008,6,13.319451904296898,10.575860595703148,9.802209472656273
2008-07-01,2008,7,16.304162597656273,10.197412109375025,10.218774414062525
2008-08-01,2008,8,16.623101806640648,6.899896240234398,8.247277832031273
2008-09-01,2008,9,14.265527343750025,8.486871337890648,6.977716064453148
2008-10-01,2008,10,10.844415283203148,9.638940429687525,8.830194091796898
2008-11-01,2008,11,7.717797851562523,7.978723144531273,8.511285400390648
2008-12-01,2008,12,5.134393310546898,5.848535156250023,6.826654052734398
2009-01-01,2009,1,1.5652709960937727,2.8943420410156477,4.463006591796898
2009-02-01,2009,2,1.6293579101562727,2.3358703613281477,3.5703369140625227
2009-03-01,2009,3,2.0581298828125227,2.7173400878906477,3.3506103515625227
2009-04-01,2009,4,4.342462158203148,3.8144775390625223,4.119653320312523
2009-05-01,2009,5,8.399896240234398,4.463006591796898,5.195428466796898
2009-06-01,2009,6,12.074304199218773,8.004663085937523,7.488916015625023
2009-07-01,2009,7,15.666345214843773,10.154687500000025,8.589105224609398
2009-08-01,2009,8,18.535089111328148,9.622155761718773,8.833245849609398
2009-09-01,2009,9,14.856072998046898,9.309320068359398,7.798669433593773
2009-10-01,2009,10,10.731500244140648,9.570275878906273,9.234552001953148
2009-11-01,2009,11,8.813409423828148,9.008721923828148,9.103326416015648
2009-12-01,2009,12,5.299218750000023,5.744775390625023,6.799188232421898
2010-01-01,2010,1,2.9034973144531477,3.2773681640625227,3.9792724609375223
2010-02-01,2010,2,2.5433898925781477,2.5815368652343977,2.6471496582031477
2010-03-01,2010,3,3.7732788085937727,3.6985107421875223,3.7076660156250223
2010-04-01,2010,4,6.045373535156273,5.250360107421898,5.146600341796898
2010-05-01,2010,5,9.788476562500025,9.069757080078148,8.705072021484398
2010-06-01,2010,6,14.976617431640648,11.259454345703148,11.573815917968773
2010-07-01,2010,7,17.828576660156273,12.344384765625025,12.129235839843773
2010-08-01,2010,8,18.260400390625023,12.069726562500025,10.990899658203148
2010-09-01,2010,9,16.002038574218773,11.282342529296898,9.835778808593773
2010-10-01,2010,10,11.952233886718773,11.654687500000025,10.711663818359398
2010-11-01,2010,11,8.352593994140648,8.366326904296898,8.474664306640648
2010-12-01,2010,12,5.683740234375023,5.692895507812523,5.764611816406273
2011-01-01,2011,1,3.7625976562500223,3.7595458984375223,3.7687011718750223
2011-02-01,2011,2,2.7799011230468977,2.7875305175781477,2.8073669433593977
2011-03-01,2011,3,2.9111267089843977,2.9477478027343977,3.0835510253906477
2011-04-01,2011,4,5.033685302734398,5.100823974609398,5.209161376953148
2011-05-01,2011,5,9.040765380859398,8.470086669921898,8.470086669921898
2011-06-01,2011,6,13.806237792968773,11.662316894531273,11.926293945312525
2011-07-01,2011,7,17.863671875000023,14.218225097656273,13.827600097656273
2011-08-01,2011,8,18.133752441406273,15.031549072265648,13.215692138671898
2011-09-01,2011,9,15.904382324218773,14.096154785156273,12.837274169921898
2011-10-01,2011,10,13.081414794921898,12.628228759765648,11.680627441406273
2011-11-01,2011,11,8.956842041015648,8.981256103515648,9.194879150390648
2011-12-01,2011,12,7.220330810546898,7.325646972656273,7.676599121093773
2012-01-01,2012,1,5.018426513671898,5.134393310546898,5.491479492187523
2012-02-01,2012,2,4.127282714843773,4.177636718750023,4.377557373046898
2012-03-01,2012,3,4.931451416015648,4.771234130859398,4.981805419921898
2012-04-01,2012,4,6.452813720703148,6.188806152343773,6.150659179687523
2012-05-01,2012,5,10.522454833984398,8.846978759765648,8.352593994140648
2012-06-01,2012,6,14.415093994140648,11.448693847656273,9.844934082031273
2012-07-01,2012,7,18.881463623046898,13.319451904296898,11.427331542968773
2012-08-01,2012,8,19.949609375000023,15.022393798828148,12.994439697265648
2012-09-01,2012,9,16.647515869140648,13.914575195312525,12.568719482421898
2012-10-01,2012,10,12.446649169921898,11.706567382812525,10.408013916015648
2012-11-01,2012,11,9.008721923828148,9.101800537109398,9.329187011718773
2012-12-01,2012,12,7.261529541015648,7.307336425781273,7.499597167968773
2013-01-01,2013,1,4.968072509765648,4.977227783203148,5.039788818359398
2013-02-01,2013,2,3.7671752929687727,3.7870117187500223,3.8236328125000223
2013-03-01,2013,3,3.8724609375000223,3.8526245117187727,3.8755126953125223
2013-04-01,2013,4,5.282434082031273,5.041314697265648,4.830743408203148
2013-05-01,2013,5,9.014825439453148,8.006188964843773,6.611505126953148
2013-06-01,2013,6,14.329614257812525,11.669946289062525,9.942590332031273
2013-07-01,2013,7,18.899774169921898,12.860162353515648,11.520410156250025
2013-08-01,2013,8,18.124597167968773,12.724359130859398,11.689782714843773
2013-09-01,2013,9,15.588525390625025,12.391717529296898,11.657739257812525
2013-10-01,2013,10,12.783868408203148,12.452752685546898,11.694360351562525
2013-11-01,2013,11,9.457360839843773,9.521447753906273,9.732019042968773
2013-12-01,2013,12,5.856164550781273,5.930932617187523,6.196435546875023
2014-01-01,2014,1,4.279870605468773,4.316522216796898,4.411126708984398
2014-02-01,2014,2,2.9736877441406477,3.0347229003906477,3.1979919433593977
2014-03-01,2014,3,3.3200927734375227,3.3155151367187727,3.3429809570312727
2014-04-01,2014,4,4.604913330078148,4.630853271484398,4.701043701171898
2014-05-01,2014,5,8.494500732421898,8.038232421875023,7.868859863281273
2014-06-01,2014,6,13.659753417968773,12.477166748046898,12.359674072265648
2014-07-01,2014,7,17.434899902343773,14.842340087890648,14.587518310546898
2014-08-01,2014,8,18.330590820312523,15.779260253906273,15.004083251953148
2014-09-01,2014,9,17.003045654296898,16.067651367187523,14.970513916015648
2014-10-01,2014,10,13.601770019531273,13.913049316406273,14.218225097656273
2014-11-01,2014,11,9.698449707031273,9.851037597656273,10.408013916015648
2014-12-01,2014,12,7.026544189453148,7.023492431640648,7.290521240234398
2015-01-01,2015,1,4.705621337890648,4.772760009765648,4.951287841796898
2015-02-01,2015,2,3.5794921875000227,3.5825439453125227,3.5993286132812727
2015-03-01,2015,3,2.5983215332031477,2.5693298339843977,2.6090026855468977
2015-04-01,2015,4,4.180688476562523,4.104394531250023,4.295159912109398
2015-05-01,2015,5,8.967523193359398,8.944635009765648,9.379541015625025
2015-06-01,2015,6,14.051904296875025,13.961877441406273,14.195336914062525
2015-07-01,2015,7,17.517297363281273,15.661767578125025,15.463403320312525
2015-08-01,2015,8,19.0248962402344,15.881494140625025,15.663293457031273
2015-09-01,2015,9,17.036614990234398,14.163293457031273,13.766564941406273
2015-10-01,2015,10,11.184686279296898,11.274713134765648,11.999536132812525
2015-11-01,2015,11,9.246759033203148,9.362756347656273,9.780847167968773
2015-12-01,2015,12,7.302758789062523,7.301232910156273,7.542321777343773
2016-01-01,2016,1,5.241204833984398,5.285485839843773,5.387719726562523
2016-02-01,2016,2,3.7915893554687727,3.8266845703125223,3.8724609375000223
2016-03-01,2016,3,3.8160034179687727,3.9014526367187727,4.166955566406273
2016-04-01,2016,4,5.013848876953148,5.154229736328148,5.479272460937523
2016-05-01,2016,5,8.567742919921898,8.103845214843773,8.071801757812523
2016-06-01,2016,6,14.004602050781273,11.686730957031273,10.932916259765648
2016-07-01,2016,7,18.7136169433594,13.882531738281273,11.732507324218773
2016-08-01,2016,8,20.088464355468773,16.208032226562523,13.772668457031273
2016-09-01,2016,9,17.575280761718773,16.772637939453148,14.665338134765648
2016-10-01,2016,10,13.313348388671898,13.354547119140648,13.559045410156273
2016-11-01,2016,11,9.321557617187525,9.397851562500025,9.670983886718773
2016-12-01,2016,12,6.597772216796898,6.628289794921898,6.735101318359398
2017-01-01,2017,1,5.195428466796898,5.265618896484398,5.494531250000023
2017-02-01,2017,2,4.209680175781273,4.221887207031273,4.319573974609398
2017-03-01,2017,3,3.5962768554687727,3.6435791015625223,3.7625976562500223
2017-04-01,2017,4,5.253411865234398,5.212213134765648,5.007745361328148
2017-05-01,2017,5,9.171990966796898,8.602838134765648,7.667443847656273
2017-06-01,2017,6,13.856591796875025,12.414605712890648,11.787438964843773
2017-07-01,2017,7,18.370263671875023,15.733483886718773,15.129205322265648
2017-08-01,2017,8,18.684625244140648,15.681604003906273,13.363732910156273
2017-09-01,2017,9,16.075280761718773,15.933374023437525,13.604821777343773
2017-10-01,2017,10,14.671441650390648,14.758416748046898,14.891168212890648
2017-11-01,2017,11,11.025994873046898,11.152642822265648,11.488366699218773
2017-12-01,2017,12,7.043328857421898,7.147088623046898,7.537744140625023
2018-01-01,2018,1,8.326654052734398,8.338861083984398,8.343438720703148
2018-02-01,2018,2,4.612542724609398,4.568292236328148,4.653741455078148
2018-03-01,2018,3,5.291589355468773,5.283959960937523,5.337365722656273
2018-04-01,2018,4,5.445703125000023,5.384667968750023,5.566247558593773
2018-05-01,2018,5,10.476678466796898,10.496514892578148,10.624688720703148
2018-06-01,2018,6,15.060540771484398,15.051385498046898,15.126153564453148
2018-07-01,2018,7,19.525415039062523,18.8234802246094,17.703454589843773
2018-08-01,2018,8,21.072686767578148,18.4267517089844,16.618524169921898
2018-09-01,2018,9,18.280236816406273,16.911492919921898,13.812341308593773
2018-10-01,2018,10,14.041223144531273,14.039697265625025,12.481744384765648
2018-11-01,2018,11,9.428369140625025,9.461938476562525,9.551965332031273
2018-12-01,2018,12,6.028588867187523,6.083520507812523,6.269677734375023
2019-01-01,2019,1,4.522515869140648,4.649163818359398,4.980279541015648
2019-02-01,2019,2,4.273767089843773,4.252404785156273,4.336358642578148
2019-03-01,2019,3,4.189843750000023,4.107446289062523,4.395867919921898
2019-04-01,2019,4,9.294061279296898,9.286431884765648,9.344445800781273
2019-05-01,2019,5,12.927301025390648,12.942559814453148,12.947137451171898
2019-06-01,2019,6,16.745172119140648,16.765008544921898,16.743646240234398
2019-07-01,2019,7,20.047265625000023,20.044213867187523,19.754296875000023
2019-08-01,2019,8,20.953668212890648,20.929254150390648,20.7202087402344
2019-09-01,2019,9,18.661737060546898,18.623590087890648,18.559503173828148
2019-10-01,2019,10,15.799096679687525,15.792993164062525,15.789941406250025
2019-11-01,2019,11,13.516320800781273,13.525476074218773,13.527001953125025
2019-12-01,2019,12,10.748284912109398,10.762017822265648,10.766595458984398
2020-01-01,2020,1,8.900384521484398,8.915643310546898,8.920220947265648
2020-02-01,2020,2,8.328179931640648,8.338861083984398,8.340386962890648
2020-03-01,2020,3,9.710656738281273,9.725915527343773,9.730493164062525
2020-04-01,2020,4,11.459375000000025,11.476159667968773,11.480737304687525
2020-05-01,2020,5,13.458337402343773,13.465966796875025,13.464440917968773
2020-06-01,2020,6,17.488305664062523,17.216668701171898,17.032037353515648
2020-07-01,2020,7,21.626611328125023,19.577294921875023,17.204461669921898
2020-08-01,2020,8,21.506005859375023,19.903009033203148,17.596002197265648
2020-09-01,2020,9,18.305993652343773,18.132989501953148,16.956994628906273
2020-10-01,2020,10,15.326989746093773,15.282006835937525,15.128991699218773
2020-11-01,2020,11,12.300988769531273,12.308007812500025,12.320001220703148
2020-12-01,2020,12,9.645013427734398,9.646997070312525,9.653985595703148
2021-01-01,2021,1,7.365991210937523,7.373986816406273,7.392999267578148
2021-02-01,2021,2,5.421990966796898,5.438989257812523,5.477990722656273
2021-03-01,2021,3,4.721002197265648,4.676995849609398,4.676995849609398
2021-04-01,2021,4,6.456994628906273,6.300012207031273,6.123010253906273
2021-05-01,2021,5,10.757012939453148,9.067010498046898,8.352990722656273
2021-06-01,2021,6,16.200006103515648,12.787988281250025,10.481988525390648
2021-07-01,2021,7,19.142999267578148,13.528985595703148,9.990991210937525
2021-08-01,2021,8,20.855004882812523,13.532006835937525,10.003015136718773
2021-09-01,2021,9,19.274011230468773,15.274011230468773,12.068994140625025
2021-10-01,2021,10,15.820001220703148,15.693994140625025,12.872003173828148
2021-11-01,2021,11,11.252008056640648,11.270013427734398,11.303002929687525
2021-12-01,2021,12,8.472009277343773,8.485009765625023,8.520989990234398
2022-01-01,2022,1,6.804010009765648,6.796990966796898,6.803002929687523
2022-02-01,2022,2,4.919000244140648,4.912988281250023,4.919000244140648
2022-03-01,2022,3,4.851007080078148,4.735986328125023,4.725000000000023
2022-04-01,2022,4,6.322991943359398,6.146997070312523,6.036004638671898
2022-05-01,2022,5,9.623010253906273,6.462060546875023,6.382989501953148
2022-06-01,2022,6,15.764062500000025,6.370996093750023,6.017999267578148
2022-07-01,2022,7,19.221002197265648,7.720056152343773,7.627069091796898
2022-08-01,2022,8,20.4059997558594,9.422998046875025,8.417993164062523
2022-09-01,2022,9,18.106988525390648,14.137994384765648,11.477075195312525
2022-10-01,2022,10,13.667077636718773,13.412988281250025,11.807061767578148
2022-11-01,2022,11,11.098992919921898,11.089990234375025,10.821008300781273
2022-12-01,2022,12,7.077996826171898,7.110986328125023,7.275048828125023
2023-01-01,2023,1,5.611047363281273,5.662988281250023,5.991998291015648
2023-02-01,2023,2,4.611993408203148,4.713006591796898,5.015985107421898
2023-03-01,2023,3,4.903985595703148,4.899011230468773,4.993005371093773
2023-04-01,2023,4,7.127008056640648,6.916009521484398,6.834069824218773
2023-05-01,2023,5,11.036004638671898,10.175988769531273,9.381005859375025
2023-06-01,2023,6,15.439996337890648,13.620996093750025,12.525994873046898
2023-07-01,2023,7,21.1010681152344,16.856011962890648,15.395989990234398
2023-08-01,2023,8,20.395074462890648,19.256005859375023,17.400048828125023
2023-09-01,2023,9,19.227014160156273,19.201013183593773,18.6450134277344
2023-10-01,2023,10,15.840051269531273,15.971002197265648,16.285058593750023
2023-11-01,2023,11,12.991998291015648,13.026055908203148,13.116052246093773
2023-12-01,2023,12,10.628015136718773,10.645013427734398,10.665002441406273
