YY,MM,Buoy44029_2m,Buoy44029_20m,Buoy44005,Buoy44013,Buoy44098,OISST,HRI_Tidbit,HRO_Tidbit,DB_Tidbit,SHI_Tidbit,SHO_Tidbit,godas_5,godas_15,godas_25
1979,1,NA,NA,6.55909881816129,NA,NA,NA,NA,NA,NA,NA,NA,NA,NA,NA
1979,10,NA,NA,12.957857470322582,NA,NA,NA,NA,NA,NA,NA,NA,NA,NA,NA
1979,11,NA,NA,10.558728018433333,NA,NA,NA,NA,NA,NA,NA,NA,NA,NA,NA
1979,12,NA,NA,8.515532977935484,NA,NA,NA,NA,NA,NA,NA,NA,NA,NA,NA
1979,2,NA,NA,4.866772975214285,NA,NA,NA,NA,NA,NA,NA,NA,NA,NA,NA
1979,3,NA,NA,3.949059139354839,NA,NA,NA,NA,NA,NA,NA,NA,NA,NA,NA
1979,4,NA,NA,5.1697023728666665,NA,NA,NA,NA,NA,NA,NA,NA,NA,NA,NA
1979,5,NA,NA,8.965799926612902,NA,NA,NA,NA,NA,NA,NA,NA,NA,NA,NA
1979,6,NA,NA,13.569130556071428,NA,NA,NA,NA,NA,NA,NA,NA,NA,NA,NA
1979,7,NA,NA,18.16944249,NA,NA,NA,NA,NA,NA,NA,NA,NA,NA,NA
1979,8,NA,NA,18.91606471419355,NA,NA,NA,NA,NA,NA,NA,NA,NA,NA,NA
1979,9,NA,NA,15.944454864999999,NA,NA,NA,NA,NA,NA,NA,NA,NA,NA,NA
1980,1,NA,NA,7.349801305709677,NA,NA,NA,NA,NA,NA,NA,NA,6.033166503906273,6.034692382812523,6.039270019531273
1980,10,NA,NA,NA,NA,NA,NA,NA,NA,NA,NA,NA,12.603814697265648,12.374932861328148,11.862207031250025
1980,11,NA,NA,NA,NA,NA,NA,NA,NA,NA,NA,NA,9.707604980468773,9.721337890625025,9.732019042968773
1980,12,NA,NA,7.2088550966666665,NA,NA,NA,NA,NA,NA,NA,NA,7.568261718750023,7.565209960937523,7.571313476562523
1980,2,NA,NA,5.450077615034483,NA,NA,NA,NA,NA,NA,NA,NA,4.060144042968773,4.054040527343773,4.060144042968773
1980,3,NA,NA,5.077881068258065,NA,NA,NA,NA,NA,NA,NA,NA,2.9996276855468977,2.9981018066406477,2.9981018066406477
1980,4,NA,NA,6.3339444408,NA,NA,NA,NA,NA,NA,NA,NA,3.9762207031250223,3.9350219726562727,3.9243408203125223
1980,5,NA,NA,8.715029775535715,NA,NA,NA,NA,NA,NA,NA,NA,7.023492431640648,6.625238037109398,5.990441894531273
1980,6,NA,NA,NA,NA,NA,NA,NA,NA,NA,NA,NA,10.426324462890648,9.367333984375025,7.140985107421898
1980,7,NA,NA,NA,NA,NA,NA,NA,NA,NA,NA,NA,14.947625732421898,12.002587890625025,8.032128906250023
1980,8,NA,NA,NA,NA,NA,NA,NA,NA,NA,NA,NA,16.195825195312523,13.311822509765648,9.788476562500025
1980,9,NA,NA,NA,NA,NA,NA,NA,NA,NA,NA,NA,16.365197753906273,16.058496093750023,12.109399414062525
1981,1,NA,NA,5.073348759333333,NA,NA,NA,NA,NA,NA,NA,NA,5.256463623046898,5.254937744140648,5.254937744140648
1981,10,NA,NA,12.435704027096774,NA,NA,11.981935439571258,NA,NA,NA,NA,NA,10.810845947265648,10.760491943359398,10.673516845703148
1981,11,NA,NA,10.025694459233334,NA,NA,9.75566676457723,NA,NA,NA,NA,NA,8.511285400390648,8.517388916015648,8.521966552734398
1981,12,NA,NA,7.915658642580645,NA,NA,7.774838785971364,NA,NA,NA,NA,NA,5.836328125000023,5.839379882812523,5.845483398437523
1981,2,NA,NA,NA,NA,NA,NA,NA,NA,NA,NA,NA,3.4772583007812727,3.4772583007812727,3.4772583007812727
1981,3,NA,NA,4.869841397615384,NA,NA,NA,NA,NA,NA,NA,NA,2.9660583496093977,2.9660583496093977,2.9630065917968977
1981,4,NA,NA,5.424642071166667,NA,NA,NA,NA,NA,NA,NA,NA,4.098291015625023,4.086083984375023,4.072351074218773
1981,5,NA,NA,8.112167946774193,NA,NA,NA,NA,NA,NA,NA,NA,6.793084716796898,6.631341552734398,6.431451416015648
1981,6,NA,NA,12.677697052,NA,NA,NA,NA,NA,NA,NA,NA,12.117028808593773,10.919183349609398,8.140466308593773
1981,7,NA,NA,16.988002567096775,NA,NA,NA,NA,NA,NA,NA,NA,15.640405273437525,14.219750976562525,9.919702148437525
1981,8,NA,NA,18.521180504166665,NA,NA,NA,NA,NA,NA,NA,NA,17.589013671875023,15.399316406250025,11.343377685546898
1981,9,NA,NA,17.017502768,NA,NA,15.443666553497314,NA,NA,NA,NA,NA,16.204980468750023,15.785363769531273,12.164331054687525
1982,1,NA,NA,6.126471073354839,NA,NA,5.790967756702054,NA,NA,NA,NA,NA,4.031152343750023,4.025048828125023,4.020471191406273
1982,10,NA,NA,11.52611604125,NA,NA,13.11161281216529,NA,NA,NA,NA,NA,10.310327148437525,9.437524414062525,6.684747314453148
1982,11,NA,NA,10.437638829599999,NA,NA,10.880333391825358,NA,NA,NA,NA,NA,8.055017089843773,7.696435546875023,6.968560791015648
1982,12,NA,NA,8.403781019935483,NA,NA,8.616129090709071,NA,NA,NA,NA,NA,6.922784423828148,6.909051513671898,6.843438720703148
1982,2,NA,NA,4.8203475075,NA,NA,5.131071371691568,NA,NA,NA,NA,NA,2.5235534667968977,2.5266052246093977,2.5220275878906477
1982,3,NA,NA,4.052325861225807,NA,NA,4.147096764656805,NA,NA,NA,NA,NA,2.3190856933593977,2.3312927246093977,2.3572326660156477
1982,4,NA,NA,4.8423889582,NA,NA,5.188666693369547,NA,NA,NA,NA,NA,3.6664672851562727,3.6924072265625223,3.7824340820312727
1982,5,NA,NA,NA,NA,NA,9.81709675635061,NA,NA,NA,NA,NA,5.598291015625023,5.030633544921898,4.621697998046898
1982,6,NA,NA,NA,NA,NA,12.736333274841309,NA,NA,NA,NA,NA,9.956323242187525,9.478723144531273,8.555535888671898
1982,7,NA,NA,NA,NA,NA,17.10096743799025,NA,NA,NA,NA,NA,15.133782958984398,11.883569335937525,8.360223388671898
1982,8,NA,NA,NA,NA,NA,17.485483815593103,NA,NA,NA,NA,NA,15.718225097656273,11.073297119140648,6.724420166015648
1982,9,NA,NA,NA,NA,NA,14.830666637420654,NA,NA,NA,NA,NA,14.146508789062525,12.168908691406273,8.032128906250023
1983,1,NA,NA,7.113288884161291,NA,NA,6.866451617210142,NA,NA,NA,NA,NA,5.760034179687523,5.747827148437523,5.729516601562523
1983,10,NA,NA,13.795629328064516,NA,NA,13.96806449274863,NA,NA,NA,NA,NA,12.620599365234398,12.440545654296898,11.227410888671898
1983,11,NA,NA,9.802771743933333,NA,NA,10.534333292643229,NA,NA,NA,NA,NA,10.374444580078148,10.377496337890648,10.382073974609398
1983,12,NA,NA,7.485848032821428,NA,NA,8.008064577656407,NA,NA,NA,NA,NA,7.578942871093773,7.578942871093773,7.574365234375023
1983,2,NA,NA,6.152251530857143,NA,NA,5.316785778318133,NA,NA,NA,NA,NA,3.9502807617187727,3.9380737304687727,3.9304443359375223
1983,3,NA,NA,5.5274366620434785,NA,NA,4.668387151533557,NA,NA,NA,NA,NA,3.2483764648437727,3.2483764648437727,3.2483764648437727
1983,4,NA,NA,5.2428562542,NA,NA,6.313666598002117,NA,NA,NA,NA,NA,3.4787841796875227,3.4452148437500227,3.4162231445312727
1983,5,NA,NA,7.626191015419355,NA,NA,9.484516251471735,NA,NA,NA,NA,NA,5.729516601562523,5.366357421875023,5.370935058593773
1983,6,NA,NA,11.870440814666667,NA,NA,14.032666683197021,NA,NA,NA,NA,NA,11.025994873046898,8.070275878906273,8.196923828125023
1983,7,NA,NA,15.751881712580646,NA,NA,17.559677431660315,NA,NA,NA,NA,NA,14.968988037109398,10.284387207031273,9.579431152343773
1983,8,NA,NA,16.670564533548387,NA,NA,17.33838708939091,NA,NA,NA,NA,NA,15.292474365234398,13.252313232421898,9.765588378906273
1983,9,NA,NA,16.872584552,NA,NA,17.394666798909505,NA,NA,NA,NA,NA,15.713647460937525,14.695855712890648,11.521936035156273
1984,1,NA,NA,5.824608506838709,NA,NA,5.968709653423678,NA,NA,NA,NA,NA,5.257989501953148,5.257989501953148,5.261041259765648
1984,10,NA,NA,12.488492063333334,12.66431745516129,NA,12.759032310978059,NA,NA,NA,NA,NA,11.108392333984398,10.356134033203148,7.594201660156273
1984,11,NA,NA,10.296250012366666,9.9086051057,NA,10.395000044504801,NA,NA,NA,NA,NA,9.857141113281273,9.832727050781273,9.289483642578148
1984,12,NA,NA,8.539072047903225,6.914031095225806,NA,7.743870996659802,NA,NA,NA,NA,NA,7.678125000000023,7.659814453125023,7.636926269531273
1984,2,NA,NA,5.444227926206897,NA,NA,5.437586208869671,NA,NA,NA,NA,NA,4.194421386718773,4.192895507812523,4.194421386718773
1984,3,NA,NA,5.054137438645161,NA,NA,4.109032230992471,NA,NA,NA,NA,NA,3.4009643554687727,3.4055419921875227,3.4070678710937727
1984,4,NA,NA,5.3413888964,NA,NA,5.191333341598511,NA,NA,NA,NA,NA,3.8282104492187727,3.8144775390625223,3.8160034179687727
1984,5,NA,NA,7.1234970811612905,NA,NA,8.808387079546529,NA,NA,NA,NA,NA,5.967553710937523,5.813439941406273,5.729516601562523
1984,6,NA,NA,11.368520537666667,NA,NA,13.180666669209797,NA,NA,NA,NA,NA,10.284387207031273,9.239129638671898,8.079431152343773
1984,7,NA,NA,16.938785667096774,NA,NA,16.106129184845955,NA,NA,NA,NA,NA,15.751794433593773,11.866784667968773,8.219812011718773
1984,8,NA,NA,19.33668771032258,19.347826076956522,NA,19.31741923670615,NA,NA,NA,NA,NA,17.753808593750023,9.387170410156273,6.634393310546898
1984,9,NA,NA,19.311553134999997,15.397310089,NA,15.602333545684814,NA,NA,NA,NA,NA,14.734002685546898,9.315423583984398,5.607446289062523
1985,1,NA,NA,7.082604981612903,4.728558887032259,NA,5.24354838555859,NA,NA,NA,NA,NA,5.807336425781273,5.807336425781273,5.804284667968773
1985,10,NA,NA,13.210489720645162,13.065153123548386,NA,13.26483868014428,NA,NA,NA,NA,NA,12.989862060546898,12.992913818359398,11.044305419921898
1985,11,NA,NA,10.146799421433334,10.021020455,NA,10.350666681925455,NA,NA,NA,NA,NA,9.927331542968773,9.953271484375025,10.008203125000025
1985,12,NA,NA,7.924462383838709,6.622715080967742,NA,7.254516124725342,NA,NA,NA,NA,NA,7.136407470703148,7.148614501953148,7.169976806640648
1985,2,NA,NA,5.9846855459285715,2.6475284546785716,NA,3.425357154437474,NA,NA,NA,NA,NA,4.174584960937523,4.176110839843773,4.176110839843773
1985,3,NA,NA,5.6349754856129035,3.5789036721935483,NA,4.01096773147583,NA,NA,NA,NA,NA,3.7854858398437727,3.7885375976562727,3.7885375976562727
1985,4,NA,NA,5.5855435021,5.4839958655,NA,5.6149999618530275,NA,NA,NA,NA,NA,4.391290283203148,4.311944580078148,4.188317871093773
1985,5,NA,NA,7.456095138580645,9.842827119741935,NA,9.312258105124197,NA,NA,NA,NA,NA,6.977716064453148,6.663385009765648,6.216271972656273
1985,6,NA,NA,11.479734299233334,13.347457782666666,NA,12.86500005722046,NA,NA,NA,NA,NA,10.910028076171898,10.406488037109398,7.957360839843773
1985,7,NA,NA,15.426390861612903,17.21179879612903,NA,16.540000084907778,NA,NA,NA,NA,NA,14.149560546875025,11.758447265625025,8.113000488281273
1985,8,NA,NA,17.369769750645162,17.83641310580645,NA,17.824516050277218,NA,NA,NA,NA,NA,16.749749755859398,10.893243408203148,6.802239990234398
1985,9,NA,NA,15.078164237666666,16.469903342666665,NA,16.101666673024496,NA,NA,NA,NA,NA,16.046289062500023,14.805718994140648,9.521447753906273
1986,1,NA,NA,6.40416666832258,3.6199509105806453,NA,4.150645148369573,NA,NA,NA,NA,NA,5.257989501953148,5.264093017578148,5.270196533203148
1986,10,NA,NA,12.87560777967742,12.778465407741935,NA,12.72806453704834,NA,NA,NA,NA,NA,12.626702880859398,12.574822998046898,12.178063964843773
1986,11,NA,NA,10.018846624633333,9.598363565333333,NA,9.670999908447266,NA,NA,NA,NA,NA,10.572808837890648,10.568231201171898,10.551446533203148
1986,12,NA,NA,8.012903280580645,6.6010577589032255,NA,7.1603225431134625,NA,NA,NA,NA,NA,8.726434326171898,8.726434326171898,8.729486083984398
1986,2,NA,NA,5.323565428785714,2.67956780425,NA,3.094285718032292,NA,NA,NA,NA,NA,3.8175292968750223,3.8480468750000223,3.9136596679687727
1986,3,NA,NA,5.047585044774194,3.038493993516129,NA,3.3022580762063303,NA,NA,NA,NA,NA,3.4452148437500227,3.4909912109375227,3.5932250976562727
1986,4,NA,NA,5.878297021833333,6.4225664449333335,NA,5.8106666247049965,NA,NA,NA,NA,NA,5.257989501953148,5.183221435546898,5.068780517578148
1986,5,NA,NA,9.6462020375,10.759013051222222,NA,9.7880645567371,NA,NA,NA,NA,NA,7.752893066406273,7.493493652343773,6.934991455078148
1986,6,NA,NA,11.220724640233334,13.744082149,NA,13.202333354949952,NA,NA,NA,NA,NA,10.874932861328148,10.437005615234398,7.986352539062523
1986,7,NA,NA,15.21029755875,17.055680661935483,NA,16.66709663021949,NA,NA,NA,NA,NA,14.361657714843773,12.899835205078148,9.637414550781273
1986,8,NA,NA,18.438844072580647,18.117715918064516,NA,17.933548342797064,NA,NA,NA,NA,NA,16.729913330078148,12.904412841796898,10.154687500000025
1986,9,NA,NA,15.979583308666667,14.894420315666666,NA,14.632666714986165,NA,NA,NA,NA,NA,14.825555419921898,14.138879394531273,11.969018554687525
1987,1,NA,NA,6.7224287056774195,4.729636716548387,NA,5.153548394480059,NA,NA,NA,NA,NA,7.162347412109398,7.163873291015648,7.163873291015648
1987,10,NA,NA,12.150333126129032,11.219586068846153,NA,11.815806481146044,NA,NA,NA,NA,NA,12.336755371093773,12.356622314453148,11.410546875000025
1987,11,NA,NA,8.838635266166667,8.298101017517242,NA,8.703666655222575,NA,NA,NA,NA,NA,9.030084228515648,9.030084228515648,9.030084228515648
1987,12,NA,NA,6.8554815322580644,6.114311604387097,NA,6.648064521051222,NA,NA,NA,NA,NA,6.414666748046898,6.440606689453148,6.481805419921898
1987,2,NA,NA,4.204670733035714,2.908061596,NA,3.3496428557804654,NA,NA,NA,NA,NA,4.954339599609398,4.952813720703148,4.952813720703148
1987,3,NA,NA,2.9769869111290324,2.7639296326451612,NA,3.176129033488612,NA,NA,NA,NA,NA,3.4146972656250227,3.4101196289062727,3.4574218750000227
1987,4,NA,NA,3.9877777701333335,5.5234843215,NA,5.166000008583069,NA,NA,NA,NA,NA,4.173059082031273,4.153222656250023,4.127282714843773
1987,5,NA,NA,6.391853681064516,8.879225095258064,NA,8.856451634437807,NA,NA,NA,NA,NA,7.194390869140648,6.971612548828148,6.353631591796898
1987,6,NA,NA,11.418055563666666,14.215362354333333,NA,14.042999935150146,NA,NA,NA,NA,NA,11.479211425781273,8.903436279296898,6.086572265625023
1987,7,NA,NA,15.891935488064517,17.98279574129032,NA,17.48870978816863,NA,NA,NA,NA,NA,15.440515136718773,10.321008300781273,6.297143554687523
1987,8,NA,NA,17.902097938709677,18.732379740909092,NA,18.274193548387096,NA,NA,NA,NA,NA,17.231927490234398,11.769128417968773,7.688806152343773
1987,9,NA,NA,15.650217207931034,NA,NA,15.717333316802979,NA,NA,NA,NA,NA,15.551904296875025,13.401879882812525,8.544854736328148
1988,1,NA,NA,4.069156145903226,3.1786933177419354,NA,4.05354836679274,NA,NA,NA,NA,NA,4.971124267578148,4.966546630859398,4.971124267578148
1988,10,NA,NA,11.69295814451613,11.38119451383871,NA,11.610645171134703,NA,NA,NA,NA,NA,11.273187255859398,11.236566162109398,10.673516845703148
1988,11,NA,NA,8.974861118566666,9.366289436363637,NA,9.140666611989339,NA,NA,NA,NA,NA,9.724389648437525,9.724389648437525,9.727441406250025
1988,12,NA,NA,6.946593047516129,5.8618462207599995,NA,6.5999999507781,NA,NA,NA,NA,NA,8.018395996093773,8.022973632812523,8.022973632812523
1988,2,NA,NA,3.5999125228275863,2.6701961496551725,NA,3.0368965412008353,NA,NA,NA,NA,NA,4.159326171875023,4.154748535156273,4.156274414062523
1988,3,NA,NA,3.8279761833809522,3.184011209580645,NA,3.664193553309287,NA,NA,NA,NA,NA,3.8098999023437727,3.8053222656250223,3.8037963867187727
1988,4,NA,NA,NA,5.3538888836666665,NA,5.639666636784871,NA,NA,NA,NA,NA,4.348565673828148,4.308892822265648,4.281396484375023
1988,5,NA,NA,NA,9.522487168161291,NA,9.671935450646185,NA,NA,NA,NA,NA,7.559106445312523,7.134881591796898,5.688317871093773
1988,6,NA,NA,13.203027091111112,13.373019312,NA,13.16699997584025,NA,NA,NA,NA,NA,11.351037597656273,10.307275390625025,7.638452148437523
1988,7,NA,NA,16.224549971935485,16.07655440612903,NA,16.570967643491684,NA,NA,NA,NA,NA,16.351464843750023,11.268609619140648,7.559106445312523
1988,8,NA,NA,18.048188447419356,18.00707681451613,NA,18.186451635053082,NA,NA,NA,NA,NA,16.958795166015648,11.027520751953148,7.876489257812523
1988,9,NA,NA,14.204565197,15.453979358333333,NA,15.411333370208741,NA,NA,NA,NA,NA,14.720269775390648,13.704003906250025,9.468041992187525
1989,1,NA,NA,5.58508060883871,4.067708906722222,NA,4.649032254372874,NA,NA,NA,NA,NA,6.825128173828148,6.825128173828148,6.825128173828148
1989,10,NA,NA,12.556668903870968,11.953924423548386,NA,12.160645208051127,NA,NA,NA,NA,NA,12.142968750000025,12.092614746093773,11.784387207031273
1989,11,NA,NA,9.727678591,9.5295592049,NA,9.65066663424174,NA,NA,NA,NA,NA,10.791009521484398,10.780328369140648,10.763543701171898
1989,12,NA,NA,7.462499991,5.001733964322581,NA,5.498064533356698,NA,NA,NA,NA,NA,6.573358154296898,6.574884033203148,6.579461669921898
1989,2,NA,NA,4.233630952571429,2.8312592589375,NA,3.682857172829764,NA,NA,NA,NA,NA,6.120141601562523,6.120141601562523,6.123193359375023
1989,3,NA,NA,3.467356240354839,2.7190684908064515,NA,3.1174193505317933,NA,NA,NA,NA,NA,4.871942138671898,4.870416259765648,4.871942138671898
1989,4,NA,NA,4.938888899766667,4.783638886266667,NA,5.017666657765707,NA,NA,NA,NA,NA,5.218316650390648,5.193902587890648,5.193902587890648
1989,5,NA,NA,8.19140314164516,9.744411601129032,NA,9.576451624593428,NA,NA,NA,NA,NA,8.468560791015648,7.606408691406273,7.490441894531273
1989,6,NA,NA,12.790181153,14.843502570666667,NA,14.438333225250243,NA,NA,NA,NA,NA,13.148553466796898,11.492944335937525,8.792047119140648
1989,7,NA,NA,16.99398669548387,18.220247288064517,NA,17.862258111276933,NA,NA,NA,NA,NA,16.494927978515648,11.927819824218773,7.688806152343773
1989,8,NA,NA,18.377244033548386,17.822325421612902,NA,17.85290305845199,NA,NA,NA,NA,NA,17.271600341796898,10.263024902343773,7.140985107421898
1989,9,NA,NA,17.338556767666667,16.536854363333333,NA,16.69566666285197,NA,NA,NA,NA,NA,16.195825195312523,13.546838378906273,9.432946777343773
1990,1,NA,NA,5.244556095294118,2.6289329182903227,NA,3.162580651621665,NA,NA,NA,NA,NA,4.441644287109398,4.440118408203148,4.444696044921898
1990,10,NA,NA,12.656936611290323,13.109227475483872,NA,13.463548321877756,NA,NA,NA,NA,NA,14.259423828125025,14.268579101562525,14.286889648437525
1990,11,NA,NA,9.468828579166667,9.6831642605,NA,9.556333255767822,NA,NA,NA,NA,NA,10.676568603515648,10.685723876953148,10.699456787109398
1990,12,NA,NA,7.608198950258065,7.209741688516129,NA,7.263225801529423,NA,NA,NA,NA,NA,8.331231689453148,8.334283447265648,8.334283447265648
1990,2,NA,NA,4.875923392607143,2.8944681731785713,NA,3.2442857112203325,NA,NA,NA,NA,NA,3.6924072265625223,3.6924072265625223,3.7000366210937727
1990,3,NA,NA,4.816526598096774,3.4576181652903224,NA,3.959999984310519,NA,NA,NA,NA,NA,3.5520263671875227,3.5413452148437727,3.5352416992187727
1990,4,NA,NA,5.134826214533334,5.104934446766666,NA,5.183999991416931,NA,NA,NA,NA,NA,4.754449462890648,4.551507568359398,4.461480712890648
1990,5,NA,NA,7.237024261032258,8.664650558806452,NA,8.53483869183448,NA,NA,NA,NA,NA,7.688806152343773,7.342431640625023,5.779870605468773
1990,6,NA,NA,11.076032266366667,13.483785666,NA,13.321000067392985,NA,NA,NA,NA,NA,11.576867675781273,9.741174316406273,6.497064208984398
1990,7,NA,NA,16.545169367741934,17.08442278483871,NA,17.269032262986705,NA,NA,NA,NA,NA,16.107324218750023,12.554986572265648,6.681695556640648
1990,8,NA,NA,19.516058883225806,19.373729226129033,NA,19.50516140845514,NA,NA,NA,NA,NA,19.763452148437523,16.690240478515648,11.038201904296898
1990,9,NA,NA,16.53806751933333,17.451751179333332,NA,17.125999863942464,NA,NA,NA,NA,NA,17.350946044921898,17.233453369140648,15.440515136718773
1991,1,NA,NA,5.859864412709677,4.7419062680645165,NA,5.195161258020709,NA,NA,NA,NA,NA,6.303277587890648,6.306329345703148,6.315484619140648
1991,10,NA,NA,NA,12.271102178064517,NA,12.65032260648666,NA,NA,NA,NA,NA,12.533624267578148,12.428338623046898,8.398370361328148
1991,11,NA,NA,NA,9.510072418566667,NA,9.454333209991455,NA,NA,NA,NA,NA,9.269647216796898,9.233026123046898,9.158258056640648
1991,12,NA,NA,NA,6.9735273591935485,NA,7.216774140634844,NA,NA,NA,NA,NA,6.963983154296898,6.948724365234398,6.930413818359398
1991,2,NA,NA,4.109077413607142,3.7401785800357144,NA,4.026071420737675,NA,NA,NA,NA,NA,4.626275634765648,4.623223876953148,4.626275634765648
1991,3,NA,NA,4.172925500064516,3.919167846483871,NA,4.058064537663614,NA,NA,NA,NA,NA,4.049462890625023,4.040307617187523,4.038781738281273
1991,4,NA,NA,4.805730690433333,5.997626817533333,NA,5.224666659037272,NA,NA,NA,NA,NA,4.754449462890648,4.533197021484398,4.383660888671898
1991,5,NA,NA,8.119758073225807,11.083467766129033,NA,10.869999931704614,NA,NA,NA,NA,NA,7.871911621093773,6.431451416015648,4.212731933593773
1991,6,NA,NA,12.070537465666666,16.146908134666667,NA,15.404333209991455,NA,NA,NA,NA,NA,12.986810302734398,9.669458007812525,3.6252685546875223
1991,7,NA,NA,15.430008113870967,18.795535273225806,NA,18.676774178781816,NA,NA,NA,NA,NA,16.671929931640648,10.517877197265648,4.321099853515648
1991,8,NA,NA,17.89934192105263,17.686724392580643,NA,17.665161317394627,NA,NA,NA,NA,NA,17.094598388671898,8.891229248046898,3.6954589843750223
1991,9,NA,NA,NA,16.374296338666667,NA,16.313333384195964,NA,NA,NA,NA,NA,14.590570068359398,12.730462646484398,6.156762695312523
1992,1,NA,NA,5.555537261833333,4.39008061816129,NA,4.776774168014526,NA,NA,NA,NA,NA,5.018426513671898,5.000115966796898,4.974176025390648
1992,10,NA,NA,11.521016271419354,11.795538567419355,NA,11.700645046849404,NA,NA,NA,NA,NA,12.461907958984398,12.437493896484398,12.316918945312525
1992,11,NA,NA,8.554029110733333,8.761176982733334,NA,8.931000073750814,NA,NA,NA,NA,NA,9.167413330078148,9.164361572265648,9.156732177734398
1992,12,NA,NA,6.745044378677419,5.964340814322581,NA,6.423225787378127,NA,NA,NA,NA,NA,6.925836181640648,6.927362060546898,6.927362060546898
1992,2,NA,NA,3.887685702137931,2.8900003611379312,NA,3.3755172614393563,NA,NA,NA,NA,NA,3.7198730468750223,3.7152954101562727,3.7244506835937727
1992,3,NA,NA,2.8462406681935484,2.8596423451935484,NA,3.3083870949283725,NA,NA,NA,NA,NA,3.3490844726562727,3.3597656250000227,3.4040161132812727
1992,4,NA,NA,3.3816591304333334,4.713460160733334,NA,4.865666675567627,NA,NA,NA,NA,NA,3.7442871093750223,3.7473388671875223,3.7717529296875223
1992,5,NA,NA,6.373025004,8.820161304903225,NA,8.57709680065032,NA,NA,NA,NA,NA,6.158288574218773,5.563195800781273,4.923822021484398
1992,6,NA,NA,11.618836393933334,13.263611116333333,NA,13.262666606903077,NA,NA,NA,NA,NA,11.511254882812525,10.049401855468773,7.002130126953148
1992,7,NA,NA,15.045897915806451,15.606010311290323,NA,15.800322563417497,NA,NA,NA,NA,NA,15.200921630859398,11.431909179687525,7.583520507812523
1992,8,NA,NA,17.368382057741936,16.063214101290324,NA,16.60225815926829,NA,NA,NA,NA,NA,16.198876953125023,11.698937988281273,8.882073974609398
1992,9,NA,NA,15.223371520666666,14.280567610333334,NA,14.905666669209799,NA,NA,NA,NA,NA,15.019342041015648,13.786401367187525,10.267602539062525
1993,1,NA,NA,5.411220202935484,3.9087507239032258,NA,4.460967717632171,NA,NA,NA,NA,NA,5.296166992187523,5.293115234375023,5.297692871093773
1993,10,NA,NA,11.685666624,11.135548100387096,NA,11.307741903489635,NA,NA,NA,NA,NA,12.423760986328148,12.468011474609398,12.133813476562525
1993,11,NA,NA,9.3068208628,8.9322221993,NA,8.844333267211914,NA,NA,NA,NA,NA,9.335290527343773,9.355126953125025,9.402429199218773
1993,12,NA,NA,7.890644046354839,6.993343878548387,NA,6.932580624857256,NA,NA,NA,NA,NA,7.615563964843773,7.620141601562523,7.629296875000023
1993,2,NA,NA,4.371635699857142,2.4823669715714285,NA,3.1324999928474426,NA,NA,NA,NA,NA,3.7351318359375223,3.7351318359375223,3.7442871093750223
1993,3,NA,NA,3.6993864270645163,1.5639452929354838,NA,2.396451611672678,NA,NA,NA,NA,NA,2.6914001464843977,2.6669860839843977,2.6669860839843977
1993,4,NA,NA,4.426129255833334,4.160718595433333,NA,4.3599999904632565,NA,NA,NA,NA,NA,3.2132507324218977,3.1873107910156477,3.1445861816406477
1993,5,NA,NA,7.018080902870968,10.408140526032257,NA,9.769354866396997,NA,NA,NA,NA,NA,7.101312255859398,6.371942138671898,5.169488525390648
1993,6,NA,NA,10.880858624866667,13.062700899666666,NA,12.739000066121418,NA,NA,NA,NA,NA,10.903924560546898,9.872399902343773,6.674066162109398
1993,7,NA,NA,16.591841957096776,17.33738102548387,NA,17.30161294629497,NA,NA,NA,NA,NA,16.063073730468773,10.771173095703148,6.637445068359398
1993,8,NA,NA,19.401910935806452,18.431130077741937,NA,18.234516143798828,NA,NA,NA,NA,NA,17.933862304687523,11.842370605468773,8.358697509765648
1993,9,NA,NA,17.779843409999998,15.015358504333333,NA,15.45300006866455,NA,NA,NA,NA,NA,15.988305664062525,14.338769531250025,10.588067626953148
1994,1,NA,NA,6.371335021384615,3.488813813129032,NA,3.5851612898611256,NA,NA,NA,NA,NA,5.093194580078148,5.093194580078148,5.093194580078148
1994,10,NA,NA,11.750338951935484,NA,NA,13.085806477454401,NA,NA,NA,NA,NA,13.333184814453148,13.322503662109398,13.305718994140648
1994,11,NA,NA,10.367790679566667,NA,NA,10.596666685740153,NA,NA,NA,NA,NA,10.710137939453148,10.696405029296898,10.678094482421898
1994,12,NA,NA,8.546265749645162,NA,NA,7.945806503295898,NA,NA,NA,NA,NA,7.935998535156273,7.929895019531273,7.922265625000023
1994,2,NA,NA,NA,1.5114683039285715,NA,1.7435714304447174,NA,NA,NA,NA,NA,3.1293273925781477,3.1278015136718977,3.1293273925781477
1994,3,NA,NA,NA,2.068139337645161,NA,2.4164516118264965,NA,NA,NA,NA,NA,2.4838806152343977,2.4793029785156477,2.4731994628906477
1994,4,NA,NA,5.899172405315789,4.9765338123,NA,5.118333339691162,NA,NA,NA,NA,NA,3.6206909179687727,3.6054321289062727,3.6069580078125223
1994,5,NA,NA,7.231504207129032,8.691048903225806,NA,8.480645195130379,NA,NA,NA,NA,NA,6.669488525390648,6.378045654296898,5.958398437500023
1994,6,NA,NA,12.0027898616,13.449166656,NA,13.447999986012777,NA,NA,NA,NA,NA,11.273187255859398,10.026513671875025,6.510797119140648
1994,7,NA,NA,19.104872658064515,18.255343655806453,NA,18.17870964542512,NA,NA,NA,NA,NA,17.065606689453148,11.659265136718773,7.041802978515648
1994,8,NA,NA,19.479797616774192,17.444892467096775,NA,17.464515993672034,NA,NA,NA,NA,NA,18.098657226562523,15.298577880859398,12.136865234375025
1994,9,NA,NA,14.815053757,15.342855134785713,NA,15.603666718800863,NA,NA,NA,NA,NA,15.806726074218773,15.792993164062525,14.933892822265648
1995,1,NA,NA,6.096146244903226,NA,NA,5.093225871362994,NA,NA,NA,NA,NA,5.787500000000023,5.792077636718773,5.802758789062523
1995,10,NA,NA,13.236415164193549,NA,NA,13.402258073129962,NA,NA,NA,NA,NA,13.932885742187525,13.923730468750025,13.029534912109398
1995,11,NA,NA,10.031063876172414,8.894699167235295,NA,9.762666606903077,NA,NA,NA,NA,NA,10.626214599609398,10.621636962890648,10.626214599609398
1995,12,NA,NA,7.834725231774193,6.918335639064516,NA,6.749677427353397,NA,NA,NA,NA,NA,7.284417724609398,7.278314208984398,7.269158935546898
1995,2,NA,NA,3.9227049478214284,NA,NA,3.8878571731703624,NA,NA,NA,NA,NA,4.182214355468773,4.186791992187523,4.202050781250023
1995,3,NA,NA,3.5929949028387096,NA,NA,3.4948387145996094,NA,NA,NA,NA,NA,2.9141784667968977,2.8943420410156477,2.9828430175781477
1995,4,NA,NA,4.5700449012333335,NA,NA,4.252666687965393,NA,NA,NA,NA,NA,3.4848876953125227,3.4238525390625227,3.5993286132812727
1995,5,NA,NA,6.668688234,NA,NA,7.820322652016917,NA,NA,NA,NA,NA,6.164392089843773,5.865319824218773,5.483850097656273
1995,6,NA,NA,11.771632631500001,NA,NA,13.13633327484131,NA,NA,NA,NA,NA,11.601281738281273,8.624200439453148,6.989923095703148
1995,7,NA,NA,17.758604044545454,NA,NA,17.12290302399666,NA,NA,NA,NA,NA,16.726861572265648,11.654687500000025,9.434472656250025
1995,8,NA,NA,NA,NA,NA,18.6912901478429,NA,NA,NA,NA,NA,18.449639892578148,12.907464599609398,9.744226074218773
1995,9,NA,NA,14.699960431666666,NA,NA,16.623333358764647,NA,NA,NA,NA,NA,16.146997070312523,14.357080078125025,11.798120117187525
1996,1,NA,NA,5.347546947096774,4.143724016580645,NA,4.255806484530049,NA,NA,NA,NA,NA,4.693414306640648,4.693414306640648,4.694940185546898
1996,10,NA,NA,NA,12.584523815483871,NA,12.820967797310121,NA,NA,NA,NA,NA,11.730981445312525,11.732507324218773,11.430383300781273
1996,11,NA,NA,NA,9.800264993999999,NA,9.920333353678386,NA,9.433973765432098,8.971592261904762,9.128080357142856,NA,9.121636962890648,9.123162841796898,9.129266357421898
1996,12,NA,NA,6.077777743,7.179178417774193,NA,7.316451626439248,NA,7.295940860215054,6.720658602150538,6.78625,NA,7.072320556640648,7.064691162109398,7.096734619140648
1996,2,NA,NA,2.84867567262069,2.289370648896552,NA,2.477586195386689,NA,NA,NA,NA,NA,3.3948608398437727,3.3994384765625227,3.4055419921875227
1996,3,NA,NA,3.137798026419355,2.604439467580645,NA,2.5341935619231193,NA,NA,NA,NA,NA,2.9294372558593977,2.9324890136718977,2.9324890136718977
1996,4,NA,NA,3.8818780237333335,4.631346626133333,NA,4.813000003496805,NA,NA,NA,NA,NA,3.6435791015625223,3.6206909179687727,3.5520263671875227
1996,5,NA,NA,6.991976911806452,9.407143348451614,NA,9.438387055550852,NA,NA,NA,NA,NA,7.864282226562523,6.587091064453148,5.152703857421898
1996,6,NA,NA,11.3481790748,15.604628254666666,NA,15.33799991607666,NA,NA,NA,NA,NA,13.484277343750025,8.344964599609398,5.251885986328148
1996,7,NA,NA,14.408350857096774,16.28638059645161,NA,16.398709727871804,NA,NA,NA,NA,NA,14.209069824218773,8.897332763671898,5.605920410156273
1996,8,NA,NA,15.985715230740741,18.34821939967742,NA,18.18774192563949,NA,NA,NA,NA,NA,17.070184326171898,11.170953369140648,7.241693115234398
1996,9,NA,NA,NA,16.266594167666668,NA,16.150000127156577,NA,NA,NA,NA,NA,14.900323486328148,14.233483886718773,9.880029296875025
1997,1,NA,NA,5.328983911258065,4.946816307451613,NA,5.151290347499232,NA,4.9450672043010755,4.002338709677419,4.014583333333333,NA,5.567773437500023,5.583032226562523,5.616601562500023
1997,10,NA,NA,11.456281152870968,NA,NA,12.891290326272287,NA,NA,11.575880376344086,11.451807795698924,NA,12.780816650390648,12.791497802734398,12.727410888671898
1997,11,NA,NA,8.9709985598,9.033902817157895,NA,9.754666614532471,NA,NA,9.060305555555555,9.065472222222223,NA,9.762536621093773,9.762536621093773,9.762536621093773
1997,12,NA,NA,7.7104167835,6.912418215580645,NA,6.937419368374732,NA,6.323503086419753,5.7292768817204305,5.746056329423265,NA,7.449243164062523,7.449243164062523,7.450769042968773
1997,2,NA,NA,4.6446428593928575,3.3775971545,NA,3.7289285915238515,NA,3.579074675324675,2.80515625,2.9497531114718614,NA,4.229516601562523,4.247827148437523,4.322625732421898
1997,3,NA,NA,4.388496483,3.6600357078709678,NA,3.813225823064004,NA,3.6667473118279568,3.425295698924731,3.5071841397849464,NA,4.180688476562523,4.186791992187523,4.195947265625023
1997,4,NA,NA,NA,5.0536149745,NA,5.550999991099039,NA,4.842451388888889,5.333201388888889,5.255458333333333,NA,4.664422607421898,4.632379150390648,4.597283935546898
1997,5,NA,NA,NA,5.447453975,NA,8.617096777885191,NA,6.391728983382209,5.908352272727273,6.6051814516129035,NA,7.403466796875023,7.195916748046898,6.967034912109398
1997,6,NA,NA,NA,NA,NA,13.704666678110758,NA,10.11661111111111,NA,11.500333333333334,NA,11.726403808593773,10.313378906250025,8.904962158203148
1997,7,NA,NA,16.228764976875,NA,NA,17.166451607981035,NA,11.846587243401759,NA,12.973931451612904,NA,16.290429687500023,12.449700927734398,7.928369140625023
1997,8,NA,NA,17.283711554516128,NA,NA,18.40548398417811,NA,13.220927419354839,NA,14.428004032258064,NA,17.038140869140648,14.144982910156273,8.688287353515648
1997,9,NA,NA,15.892880379333333,NA,NA,16.341666666666665,NA,14.286992187500001,14.796634615384615,14.550513888888888,NA,15.542749023437525,15.023919677734398,12.081933593750025
1998,1,NA,NA,NA,5.1631725560645165,NA,5.169999968621038,NA,4.609986559139785,3.960456989247312,4.025127688172043,NA,5.914147949218773,5.914147949218773,5.917199707031273
1998,10,NA,NA,11.221361375129032,11.96095826516129,NA,12.088064470598775,NA,11.004032258064516,10.675961021505376,10.716572580645161,NA,12.110925292968773,12.068200683593773,10.852044677734398
1998,11,NA,NA,8.284518582133334,8.801249980066666,NA,9.073333326975504,NA,8.73125,8.176041666666666,8.349090277777778,NA,8.946160888671898,8.943109130859398,8.933953857421898
1998,12,NA,NA,6.691636285516129,7.001397876387097,NA,7.198387099850562,NA,7.161989247311828,6.586149193548387,7.411244444444445,NA,7.305810546875023,7.321069335937523,7.339379882812523
1998,2,NA,NA,NA,3.6324487290714287,NA,3.7735714401517595,NA,3.3249776785714285,3.2410714285714284,3.1757886904761903,NA,4.513360595703148,4.513360595703148,4.517938232421898
1998,3,NA,NA,3.359880115076923,3.48306981,NA,3.381290320427187,NA,3.403790322580645,3.390900537634409,3.5549059139784944,NA,4.044885253906273,4.043359375000023,4.043359375000023
1998,4,NA,NA,4.6382669304,5.933876849033334,NA,5.8846666653951,NA,5.485722222222222,6.0004027777777775,5.954270833333333,NA,5.348046875000023,5.299218750000023,5.082513427734398
1998,5,NA,NA,7.391219828066666,10.185937338166667,NA,9.999354808561263,NA,7.743354716520039,8.776218946974415,8.43730734766129,NA,8.235070800781273,7.998559570312523,7.281365966796898
1998,6,NA,NA,10.4117813891,12.3783936763,NA,12.592666594187419,NA,9.346381944444445,10.7489375,10.060444444444444,NA,12.142968750000025,10.807794189453148,9.136895751953148
1998,7,NA,NA,17.261991529354837,17.151446079354837,NA,17.5425806660806,NA,9.189677419354839,11.01092741935484,10.211747311827956,NA,16.951165771484398,12.376458740234398,8.247277832031273
1998,8,NA,NA,18.36369203096774,16.44752217064516,NA,16.928064715477728,NA,9.613501344086021,10.851581621878465,10.29065188172043,NA,18.507623291015648,11.671472167968773,7.662866210937523
1998,9,NA,NA,14.501996029,16.333367880333334,NA,16.337999947865804,NA,12.590826388888889,13.30717361111111,12.958284722222222,NA,16.078332519531273,13.960351562500025,8.492974853515648
1999,1,NA,NA,5.292157465290322,3.997913743387097,NA,4.334516125340615,NA,4.44679435483871,3.6571706989247312,NA,NA,5.767663574218773,5.784448242187523,5.805810546875023
1999,10,NA,NA,11.800940850322581,12.291882057419356,NA,12.687741956403178,NA,11.58760752688172,NA,NA,NA,13.314874267578148,13.270623779296898,12.399346923828148
1999,11,NA,NA,9.599420245033333,10.276556764153845,NA,9.77466672261556,NA,8.9775625,NA,NA,NA,10.269128417968773,10.263024902343773,10.252343750000025
1999,12,NA,NA,8.152204771387098,7.311489009741935,NA,7.776451695349909,6.736242954911433,7.342086816346944,NA,4.279458333333333,4.286625,8.099267578125023,8.096215820312523,8.093164062500023
1999,2,NA,NA,4.501753388857143,2.9357142767857143,NA,2.9342857343809947,NA,3.2066443452380953,2.9693452380952383,NA,NA,4.408074951171898,4.420281982421898,4.440118408203148
1999,3,NA,NA,3.766206046032258,2.6643679151612902,NA,2.7448387069086873,NA,3.0214717741935484,2.6013888888888888,NA,NA,3.1476379394531477,3.1476379394531477,3.1476379394531477
1999,4,NA,NA,4.845694453566667,5.605138886333333,NA,5.965000009536743,NA,5.766125,NA,NA,NA,4.166955566406273,4.086083984375023,4.107446289062523
1999,5,NA,NA,8.633380085516128,10.294132806967742,NA,10.189354865781722,NA,8.521391129032258,NA,NA,NA,8.219812011718773,7.961938476562523,7.140985107421898
1999,6,NA,NA,14.124836964,15.451089394,NA,15.513000011444092,NA,10.352689393939393,NA,NA,10.567693452383928,14.024438476562525,13.382043457031273,10.179101562500025
1999,7,NA,NA,17.864166672,17.769886557741934,NA,17.872903085524037,NA,10.652069892473119,NA,NA,10.513662634408602,17.210565185546898,14.086999511718773,8.517388916015648
1999,8,NA,NA,18.936376531481482,17.38656078612903,NA,17.910322620022683,NA,12.287170698924731,NA,NA,12.290416666666667,19.035577392578148,14.660760498046898,9.738122558593773
1999,9,NA,NA,17.468774019,16.739947225,NA,17.05133336385091,NA,11.76398611111111,NA,NA,NA,17.318902587890648,16.383508300781273,11.557031250000025
2000,1,NA,NA,7.156519660354839,4.708567093387097,NA,4.8651612804782,4.333010752688172,4.566774193548387,NA,3.4881922043010753,3.568434139784946,6.344476318359398,6.341424560546898,6.346002197265648
2000,10,NA,NA,13.080275319354838,12.425811587419355,NA,12.881935519556846,NA,NA,NA,12.232271505376344,12.264522849462365,14.181604003906273,14.187707519531273,14.210595703125025
2000,11,NA,NA,9.505229464966666,9.6242632482,NA,9.85600004196167,NA,NA,NA,10.268890487938597,9.577231582125604,11.743188476562525,11.749291992187525,11.758447265625025
2000,12,NA,NA,7.777583985789474,6.625748019967742,NA,7.178064530895602,NA,NA,NA,NA,5.837795698924731,9.526025390625025,9.522973632812525,9.530603027343773
2000,2,NA,NA,5.833773428931035,2.529647681103448,NA,2.5782758614112593,2.6157758620689653,2.7807255747126436,2.5466944444444444,2.1466163793103448,2.193426724137931,4.661370849609398,4.656793212890648,4.662896728515648
2000,3,NA,NA,5.577255700870968,3.7621727505806453,NA,3.9180645404323453,3.7796236559139786,4.0579435483870965,4.186001344086021,4.103017473118279,4.0962634408602145,4.562188720703148,4.565240478515648,4.549981689453148
2000,4,NA,NA,5.8682746412333335,5.408847693366667,NA,5.7476666609446205,5.149388888888889,5.6060486111111105,5.740703200483091,5.7002291666666665,5.628122685186111,5.590661621093773,5.578454589843773,5.560144042968773
2000,5,NA,NA,NA,9.21217003635484,NA,9.519032247604862,6.760078125,8.429947916666666,9.693233695652173,9.447318548387097,9.22516129032258,8.178613281250023,7.867333984375023,7.102838134765648
2000,6,NA,NA,11.6665096644,13.865791075666666,NA,14.021666653951009,NA,NA,11.367986111111112,11.736645833333334,10.808055555555555,12.352014160156273,11.883569335937525,9.561120605468773
2000,7,NA,NA,16.54018232387097,16.894664521935486,NA,17.035806502065352,NA,NA,14.782130376344085,NA,13.407956989247312,16.755853271484398,15.409997558593773,10.765069580078148
2000,8,NA,NA,18.195850673870968,18.458981883225807,NA,18.60193547894878,NA,NA,16.549099462365593,NA,15.276599462365592,17.970483398437523,17.669885253906273,13.176019287109398
2000,9,NA,NA,16.175627942333332,16.148768023333332,NA,16.531000010172527,NA,NA,15.65582427536232,13.219715277777778,13.219479464536025,16.787896728515648,16.816888427734398,15.435937500000025
2001,1,NA,NA,5.667129620444444,4.46607646083871,NA,4.62903227344636,NA,NA,NA,NA,2.980537634408602,6.851068115234398,6.840386962890648,6.848016357421898
2001,10,12.738280478962132,11.701344623655913,11.23051074116129,12.935781941935485,NA,12.819032299903132,10.103104838709678,11.313743279569893,10.871424731182795,10.970791129032257,10.66921935483871,14.451715087890648,14.427301025390648,14.361657714843773
2001,11,9.637670227536232,9.39337888888889,9.1460534388,9.584414163533333,NA,9.720333353678386,8.773574652777778,9.1511625,8.4793125,8.460847222222222,8.436291666666666,11.567712402343773,11.557031250000025,11.546350097656273
2001,12,8.127202688579123,8.170019623655914,7.972972267451612,8.251573070516129,NA,8.369999993231989,7.811733870967742,7.988676075268818,7.290631720430108,7.216774193548387,7.276438172043011,9.796105957031273,9.791528320312525,9.793054199218773
2001,2,NA,NA,4.470386920571428,3.579017820857143,NA,3.8335714680807933,NA,NA,NA,NA,2.755565476190476,5.695947265625023,5.698999023437523,5.700524902343773
2001,3,NA,NA,2.8730295322,3.135128231451613,NA,3.2816129115320023,3.8277777777777775,3.7208175505050507,NA,4.2540911172161175,3.2431922043010752,5.460961914062523,5.462487792968773,5.464013671875023
2001,4,NA,NA,4.512899695423077,5.174582671266667,NA,5.061666695276896,4.4104930555555555,4.997958333333333,5.653609126984127,5.5647013888888885,5.415479166666667,5.235101318359398,5.225946044921898,5.212213134765648
2001,5,NA,NA,8.141234208193548,11.208456051419354,NA,10.693225706777266,5.845075159374095,8.897338709677419,10.131881720430108,9.43163165791448,9.499457565284178,8.291528320312523,8.055017089843773,7.496545410156273
2001,6,NA,NA,13.3028535205,16.133888876666667,NA,15.66333335240682,7.135034722222223,9.459347222222222,10.892583333333333,10.099756944444444,9.425743055555555,13.682641601562525,11.051934814453148,8.599786376953148
2001,7,15.942425100919912,6.762314734848485,16.807258051290322,16.83118274096774,NA,16.98258058486446,7.117211021505376,9.655483870967743,10.958709677419355,10.112338709677418,9.67284946236559,16.549859619140648,13.852014160156273,9.231500244140648
2001,8,18.213916346774194,8.12062002688172,18.32447381548387,19.082369001290324,NA,18.80870972910235,8.018057795698924,11.377869623655915,13.113797043010752,11.990504032258064,11.242815860215053,18.501519775390648,15.710595703125025,11.288446044921898
2001,9,17.185938869172706,10.18053986111111,15.342361883333334,16.302760578,NA,16.401000118255617,9.062626587301587,11.795480583900227,12.493082125603864,11.910380434782608,11.301822222222222,17.192254638671898,16.940484619140648,14.054956054687525
2002,1,6.675187666666667,6.043565053763441,6.411021515354839,5.567753411903226,NA,5.899032300518405,5.639247311827957,5.7841263440860216,4.723225806451612,4.656841397849463,4.718413978494624,7.923791503906273,7.914636230468773,7.919213867187523
2002,10,14.123663272907901,13.379364627162225,NA,13.798620920967743,NA,13.849354836248581,12.441113505747127,13.444180481874447,13.28081102722489,13.17002425198691,12.989850537634409,15.020867919921898,15.002557373046898,14.976617431640648
2002,11,10.136559244444445,10.15557875,NA,10.142536222666667,NA,10.261000029246013,NA,NA,9.799166666666666,9.703479166666666,9.712375,11.053460693359398,11.044305419921898,11.033624267578148
2002,12,7.199023160551146,7.332463554322022,NA,6.907445085193548,NA,7.227741964401737,NA,NA,5.867661290322581,5.677997311827957,5.70817876344086,7.867333984375023,7.865808105468773,7.862756347656273
2002,2,NA,5.143183630952381,5.497994281678571,4.54197723575,NA,4.602142861911228,4.650796890184645,4.6703181897759105,4.000982142857143,3.963221726190476,3.9680877976190474,6.741204833984398,6.739678955078148,6.739678955078148
2002,3,5.046698380978261,5.1073922043010755,4.655107545612903,4.771148908645161,NA,4.714838720137073,4.9890860215053765,4.897379032258065,4.871875,4.739952956989248,4.685248655913979,6.004174804687523,6.004174804687523,6.002648925781273
2002,4,6.912285285277778,5.8183163888888885,5.497222224833333,7.183007254533333,NA,7.011333386103312,6.2190208333333334,6.787895833333334,7.357721618357488,7.09925845410628,7.045946256038647,6.359735107421898,6.349053955078148,6.312432861328148
2002,5,9.25391333968894,7.3558581720430105,7.632041828161291,9.357252245903226,NA,9.270645080074187,7.088944892473118,8.252043010752688,9.062728494623656,8.839657258064516,8.768555107526883,8.500604248046898,8.421258544921898,8.102319335937523
2002,6,13.62066827986111,8.61969361111111,11.798490350533333,13.976171510333334,NA,13.851666641235353,8.482977689125295,10.371690277777777,11.275,11.051160515873017,10.232314814814815,12.031579589843773,11.625695800781273,10.066186523437525
2002,7,17.596803820564517,8.569398387096774,16.007653778064515,18.77886639935484,NA,18.088709677419356,8.282096774193548,11.343326612903226,13.13108870967742,12.301182795698924,NA,17.088494873046898,15.779260253906273,11.512780761718773
2002,8,18.929647413978493,10.433981048387096,17.69908306612903,19.461430521935483,NA,19.302903144590317,10.180043244506779,13.633909677419355,14.960297159887798,14.025810931908602,13.686861111111112,19.204949951171898,18.449639892578148,13.761987304687525
2002,9,17.181955725694444,14.212005694444445,15.445195811333333,17.621249973,NA,17.333333333333332,12.454125000000001,14.903708333333332,15.298402777777778,15.026381944444445,14.738840277777777,17.729394531250023,17.689721679687523,16.667352294921898
2003,1,6.176771898674242,6.064686715686275,NA,4.694304392806451,NA,4.890000027994956,NA,NA,3.423508064516129,3.2194690860215056,3.2951209677419353,5.343469238281273,5.346520996093773,5.343469238281273
2003,10,12.812929634150125,11.625772715053763,11.54271862516129,12.985776072580645,NA,12.81870965034731,NA,NA,10.92461693548387,10.856424731182797,10.691606182795699,13.418664550781273,13.392724609375025,12.507684326171898
2003,11,9.472053409722221,9.534191666666667,9.328196179133334,9.520138885066666,NA,9.518666776021321,NA,NA,8.795763888888889,8.811868055555555,8.740597222222222,9.063653564453148,9.048394775390648,9.033135986328148
2003,12,6.3042473379032256,6.3680848118279565,7.287257683806452,6.293583427096774,NA,6.545806438692154,NA,NA,5.374952956989247,5.47258064516129,5.452349095796676,6.423822021484398,6.431451416015648,6.440606689453148
2003,2,2.6748009895075757,2.683249638429752,3.828289485789474,2.7071234448214287,NA,2.916428565979004,NA,NA,1.4034747023809524,1.307998511904762,1.3677752976190476,3.4299560546875227,3.4330078125000227,3.4284301757812727
2003,3,2.8759623995967742,2.577348252688172,4.114650584032258,2.700616251548387,NA,2.7877419379449657,NA,NA,2.5247110215053765,2.2342137096774195,2.2496109597834955,3.0042053222656477,2.9736877441406477,2.8561950683593977
2003,4,4.5157732288888885,3.8767477777777777,4.387989779933333,4.403321256833333,NA,4.5213333447774255,NA,NA,4.614993055555556,4.727539682539683,4.091756944444445,3.7275024414062727,3.7198730468750223,3.7122436523437727
2003,5,7.502745832142857,4.903811607142857,7.422278494954545,8.73505727316129,NA,8.74774194532825,NA,NA,8.796350806451613,9.034905303030303,7.904368279569892,7.031121826171898,6.747308349609398,5.857690429687523
2003,6,17.79902858333333,6.686441666666667,10.7529040578,13.528526555266666,NA,13.223000049591064,NA,NA,11.20995138888889,10.59531746031746,9.569284722222221,11.334222412109398,10.266076660156273,8.381585693359398
2003,7,16.23926332325269,7.151225403225807,15.83399015516129,17.582357330967742,NA,17.366774159093058,NA,NA,10.620443548387097,10.421770833333333,9.197432795698925,16.067651367187523,12.333703613281273,9.464990234375025
2003,8,17.774535758736558,8.592579569892473,17.499048239677418,18.82581221580645,NA,18.482580554100775,NA,NA,12.897284946236558,12.008181818181818,10.775799731182795,17.920129394531273,14.161767578125025,9.886132812500025
2003,9,16.962653920138887,11.045422083333333,15.807656632333334,17.436590684333332,NA,17.302333386739097,NA,NA,15.58566702164323,15.641323243836542,14.022256648936171,16.787896728515648,16.610894775390648,12.449700927734398
2004,1,3.9854378006642515,4.096168817204301,5.8028469931935485,3.7127688113225807,NA,4.131612900764711,NA,NA,2.195853494623656,2.206995967741935,2.2206317204301076,4.629327392578148,4.626275634765648,4.635430908203148
2004,10,13.41280783890169,13.190580529953918,11.09959678432258,13.335618244516128,NA,13.337096798804499,12.01725806451613,13.002459677419354,13.122849462365592,12.864502688172044,12.92638440860215,13.247735595703148,13.247735595703148,13.014276123046898
2004,11,9.459508986507936,9.438930694444444,8.7958333473,9.478381647733332,NA,9.611000029246012,9.384222222222222,9.412458333333333,9.2766319444444445,9.088763888888888,9.187111111111111,9.376489257812525,9.399377441406273,9.451257324218773
2004,12,6.921448388306452,7.088836021505377,7.111173472903226,7.197031354870967,NA,7.302258091588174,6.796155913978494,6.780974462365592,6.335295698924731,6.116216397849462,6.234926075268817,7.530114746093773,7.542321777343773,7.568261718750023
2004,2,2.3625271852011496,2.388679310344828,4.431482855413793,2.141848958896552,NA,2.5324138197405586,NA,NA,1.2695977011494253,1.313764367816092,1.2998275862068966,2.5281311035156477,2.5098205566406477,2.5281311035156477
2004,3,2.9011398747678396,2.8641046065493647,3.1600735059032257,2.7131369998387096,NA,2.764838703217045,NA,NA,2.8042359656472557,2.7297647849462368,2.7253855754460594,2.1191650390625227,2.1084838867187727,2.1115356445312727
2004,4,4.847521428333334,3.5398936111111112,2.9867193047333336,4.9884601484,NA,4.983666650454203,NA,NA,5.174826388888889,4.758145833333334,4.617173611111111,3.2666870117187727,3.2330871582031477,3.1628967285156477
2004,5,9.052259991446725,4.911620564516129,6.627802117032258,9.542942953032258,NA,9.056774139404297,NA,NA,8.579932795698925,7.686404569892473,7.8119623655913975,7.522485351562523,6.724420166015648,5.070306396484398
2004,6,13.577268619318183,6.963528181818182,10.782286849466667,14.194722212333334,NA,13.816666730244954,NA,NA,11.296406746031746,10.502096483451536,9.715206040596723,11.102288818359398,10.104333496093773,5.531152343750023
2004,7,17.04498014516129,8.447901344086022,16.344738589583333,17.30900530903226,NA,17.053225671091386,NA,NA,14.671041666666666,13.794717741935484,12.816572580645161,15.803674316406273,11.271661376953148,5.944665527343773
2004,8,17.4171451827957,8.16595685483871,17.50722033952381,18.04374698032258,NA,17.854838648150043,8.000669642857142,10.617875,12.510961021505375,11.473102150537635,10.780184311370396,17.015252685546898,10.542291259765648,5.479272460937523
2004,9,16.27153995833333,11.511393472222222,15.235416647000001,16.526111091666667,NA,16.516333262125652,10.957666666666666,13.803006944444444,14.928581944444444,14.131159722222222,13.777270833333333,16.208032226562523,13.870324707031273,8.712701416015648
2005,1,4.639000558145161,4.8099478494623655,5.541312388774194,4.782684662903225,NA,4.832580689461,4.110383064516129,4.412225,3.02440188172043,2.9285013440860217,3.046323924731183,5.480798339843773,5.483850097656273,5.486901855468773
2005,10,12.169576200268818,10.789849404761904,10.1149555537,12.42619271483871,NA,12.661935437110163,10.261653225806452,10.767521688355021,10.412788978494623,10.573306880576528,10.479516129032259,13.087518310546898,13.008172607421898,12.905938720703148
2005,11,9.869406173611111,9.574876249999999,9.276648548433334,9.628520599233333,NA,9.74066661198934,9.460548611111111,NA,9.3875,9.290805555555556,9.284166666666668,10.110437011718773,10.116540527343773,10.119592285156273
2005,12,6.991422455107527,7.296818548387097,7.227942101419355,6.840790103064516,NA,7.077419327151391,6.78682123655914,NA,5.989462365591398,5.897930107526882,5.897284946236559,7.455346679687523,7.458398437500023,7.462976074218773
2005,2,2.4988112625,3.325302380952381,3.8230461245,2.6474674684285713,NA,2.705714293888637,2.4284471450617287,NA,1.9901488095238096,1.7864285714285715,1.8797098214285712,3.4223266601562727,3.4238525390625227,3.4238525390625227
2005,3,2.3881030192204302,2.752200806451613,3.2136473772222223,2.409923378419355,NA,2.47290325549341,2.355909090909091,NA,1.919297385620915,2.271438172043011,2.124388440860215,2.7997375488281477,2.7921081542968977,2.7600646972656477
2005,4,6.128719693611111,3.285694,NA,6.003132937933334,NA,5.955999954541523,3.6200555555555556,NA,NA,5.541,4.947611111111112,4.838372802734398,4.713250732421898,4.150170898437523
2005,5,8.253377205510752,6.074250806451613,6.038830468428571,8.382811111387097,NA,8.694516151182112,6.064751344086021,NA,NA,7.98760752688172,7.510530913978495,7.441613769531273,6.889215087890648,6.283410644531273
2005,6,13.595081123611111,7.225005277777778,9.9289371919,14.035477017666667,NA,13.48066660563151,7.322770833333333,NA,11.124921536796537,9.82448611111111,9.370562352245862,12.736566162109398,8.363275146484398,7.290521240234398
2005,7,18.044539661962364,7.540840725806452,NA,18.416906192580644,NA,18.262580656236217,7.752775537634409,NA,13.435127688172043,12.312762096774193,11.736693548387096,16.885552978515648,9.753381347656273,7.772729492187523
2005,8,19.302792344086022,7.8632473118279576,NA,19.30026239483871,NA,19.20032267416677,7.670233422939068,11.357161458333334,13.418770161290324,12.455245061265316,11.600202834799608,17.480676269531273,8.138940429687523,7.800195312500023
2005,9,17.248106254166668,9.291275694444444,NA,16.822271054333335,NA,17.092666784922283,8.057006944444444,11.125645833333333,12.382013888888888,11.7230625,11.118388888888889,15.272637939453148,12.793023681640648,11.708093261718773
2006,1,5.09883028077957,5.852233870967742,5.931048431645161,5.056369779032258,NA,5.264838710907967,5.582261904761904,NA,4.662237903225806,4.749393939393939,4.692096774193549,5.729516601562523,5.729516601562523,5.732568359375023
2006,10,13.40209508064516,12.588646563814867,12.329156034838709,13.076094389677419,NA,13.054516053968861,11.470873655913978,NA,12.277318548387097,12.069422043010752,NA,13.044793701171898,13.191278076171898,13.432397460937525
2006,11,10.063323350000001,10.170972222222222,10.288257574272727,10.190972272233333,NA,10.087333329518636,10.198063271604937,NA,10.238841374269006,10.09288244047619,NA,10.470574951171898,10.478204345703148,10.577386474609398
2006,12,8.286253826209677,8.47614247311828,NA,8.180130961580645,NA,8.43838708631454,NA,NA,NA,NA,NA,8.421258544921898,8.413629150390648,8.439569091796898
2006,2,4.349456920982143,4.970630505952381,4.7889104095,4.1213580965,NA,4.350000023841858,NA,NA,3.8574925595238096,3.481282894736842,3.831822916666667,4.606439208984398,4.607965087890648,4.607965087890648
2006,3,3.8969407616935485,4.0258666666666665,3.7949041482580648,3.8850184953225804,NA,3.9677419277929493,3.8438048245614036,3.573728070175439,3.459690860215054,3.737339015151515,3.376364247311828,3.7900634765625223,3.7839599609375223,3.7687011718750223
2006,4,6.278766124468954,5.192316674836602,5.0687801947,6.2125417118,NA,6.24133334159851,5.624131944444445,5.530097222222222,6.3609375,5.359791666666666,6.154861111111111,5.076409912109398,4.980279541015648,4.763604736328148
2006,5,9.336828173252687,6.237111111111111,7.47308321883871,9.656480832709677,NA,9.33806445521693,7.554818548387097,7.675631720430108,9.008225806451613,NA,8.534872311827957,7.366845703125023,6.858697509765648,6.278833007812523
2006,6,14.658257813194444,NA,11.648043475766666,14.661195620333334,NA,14.547999986012776,9.504409722222222,10.278555555555556,12.051805555555555,11.256317536630037,11.1874375,11.651635742187525,9.104852294921898,8.088586425781273
2006,7,16.887536815860216,NA,17.202290667419355,17.745234652258066,NA,17.522257927925356,8.691176075268817,9.650288978494624,11.556693548387097,10.509905913978494,10.515564516129032,15.608361816406273,8.935479736328148,7.968041992187523
2006,8,18.157529158602152,NA,17.801197959032258,18.489860780645163,NA,18.640967645952777,9.272097243060765,10.764891666666667,14.416267374770522,13.011979838709678,11.991459339774558,16.615472412109398,9.690820312500025,7.925317382812523
2006,9,17.376901999810606,13.22324074074074,15.295875590333333,17.400990324333332,NA,17.35033327738444,11.8640625,NA,15.79882638888889,15.517298611111112,NA,14.581414794921898,13.731469726562525,12.023950195312525
2007,1,6.66938061438172,6.775307064048621,6.842976758645161,6.372142375677419,NA,6.8719354752571356,NA,NA,NA,NA,NA,6.844964599609398,6.835809326171898,6.864801025390648
2007,10,14.265650693548388,12.155779569892474,NA,13.963172003225806,NA,14.224193603761735,10.301760752688173,12.596202956989247,12.84646505376344,12.195309139784946,12.533702956989247,13.984765625000025,14.350976562500025,14.590570068359398
2007,11,9.721283448629228,9.694598016781082,NA,9.794027811866666,NA,9.71666660308838,9.330680555555556,9.48267361111111,8.956965277777778,8.374618055555555,9.030444444444445,9.886132812500025,10.394281005859398,11.473107910156273
2007,12,6.534969255510752,6.588103494623656,6.610914727333333,6.394873268193549,NA,6.62612901195403,6.0163037634408605,6.0873723118279575,5.075698924731183,4.43013440860215,5.143924731182796,5.865319824218773,6.507745361328148,7.574365234375023
2007,2,4.399348411755953,4.4740327380952385,6.0348596662142855,3.8553997525714285,NA,4.235000031335013,NA,NA,NA,NA,NA,4.406549072265648,4.400445556640648,4.418756103515648
2007,3,4.228057889021164,3.930239671760045,5.016811480580645,3.8375239289354837,NA,3.8487096755735335,NA,NA,NA,NA,NA,3.7442871093750223,3.7381835937500223,3.7473388671875223
2007,4,5.199885853333333,4.217240277777778,4.6625998929,5.461027446666667,NA,5.573333326975504,NA,NA,NA,NA,NA,4.313470458984398,4.160852050781273,4.165429687500023
2007,5,10.03329598266129,5.685235215053764,7.263008421354838,10.41886980616129,NA,10.368709594972673,NA,NA,NA,NA,NA,7.850549316406273,6.463494873046898,5.735620117187523
2007,6,14.47325775486111,8.02157361111111,10.985303548233333,15.100520947333333,NA,14.878333250681559,7.443683333333333,10.45045,12.597828525641026,12.35951762820513,11.031810897435898,11.448693847656273,8.994989013671898,8.163354492187523
2007,7,17.20075621639785,7.590354838709677,16.802127108064518,17.928329707741934,NA,17.730967737013295,7.665020161290323,10.075248655913978,12.639173387096774,12.344375,11.012251344086021,15.683129882812525,11.080926513671898,10.850518798828148
2007,8,17.97316071908602,8.339338709677419,18.841546802499998,18.65267545903226,NA,18.348064545662172,8.337896505376344,11.158237903225807,13.305311472338213,12.83543888777922,11.650875855327468,16.497979736328148,12.503106689453148,12.460382080078148
2007,9,16.652352097790406,10.116859595959596,NA,16.991431119666668,NA,16.992333475748698,9.348805555555556,11.966201388888889,13.172326388888889,12.309618055555555,12.145993055555556,15.246697998046898,14.204492187500025,13.966455078125025
2008,1,4.544037182930108,4.73892876344086,5.813194490166667,4.397418525580645,NA,4.512903228882821,4.4440725806451615,4.371404569892474,3.5389583333333334,2.9818145161290324,3.6590120967741937,4.002160644531273,4.775811767578148,5.947717285156273
2008,10,13.26214125094086,12.174841764888338,11.883654783548387,13.373229340967741,12.715477997822369,13.384838688758112,10.998654569892473,12.15866935483871,12.387809139784945,12.206915322580645,11.974200268817205,10.844415283203148,9.638940429687525,8.830194091796898
2008,11,10.019541161805556,9.997955208333334,9.609305591866667,10.0120652254,10.000243901937631,10.135666656494141,9.412151388888889,9.658368055555556,9.18479861111111,9.0316875,9.064347222222223,7.717797851562523,7.978723144531273,8.511285400390648
2008,12,7.003828755241935,7.136185685483871,7.695940925225806,7.007387195225807,7.553766317537004,7.1558064030062765,7.017566532258065,8.439932795698924,6.222540322580645,6.1796102150537635,6.255530913978495,5.134393310546898,5.848535156250023,6.826654052734398
2008,2,3.397340172270115,3.676406609195402,NA,3.34463337262069,NA,3.49068965583012,3.4961063218390804,3.334734195402299,2.9432974137931036,2.4320043103448277,3.073139367816092,3.3048339843750227,4.130334472656273,5.084039306640648
2008,3,3.0810144318041526,3.103502688172043,4.103804420482758,3.096620576516129,NA,3.3609677207085396,3.274133064516129,3.137654569892473,3.2522849462365593,2.705,3.3259341397849465,3.1155944824218977,3.7015625000000223,4.827691650390648
2008,4,8.012915984722222,3.8350143035353534,4.065625061666666,6.392764842966666,NA,6.464999977747599,3.828597222222222,4.459180555555555,6.005013888888889,5.384791666666667,5.488756944444445,4.917718505859398,4.635430908203148,5.059625244140648
2008,5,9.965207527419356,6.442953024193549,NA,10.064445996,NA,10.219032195306593,5.4511021505376345,7.768608870967742,8.430275537634408,7.874052419354839,8.027573924731183,7.461450195312523,7.177606201171898,6.631341552734398
2008,6,14.967767822222223,8.058602916666667,NA,15.761479425,NA,15.447666613260903,7.775443247126437,10.175752777777777,11.6753125,11.137493055555556,10.6463125,13.319451904296898,10.575860595703148,9.802209472656273
2008,7,17.82115663104839,7.784541196236559,20.765137007777778,18.993317213225808,NA,18.56612906917449,8.005816532258065,10.05481182795699,12.890221774193549,12.141653225806452,10.881774193548388,16.304162597656273,10.197412109375025,10.218774414062525
2008,8,19.42270492876344,11.03346438172043,18.64580829677419,19.84395746483871,NA,19.753225880284464,10.106977150537634,13.913743279569893,17.2908938172043,16.689684139784948,15.177116935483872,16.623101806640648,6.899896240234398,8.247277832031273
2008,9,16.80785917847222,11.487416880910166,14.192137674333333,17.402588757333334,15.403476975813211,17.23900016148885,11.076259722222222,14.030861111111111,15.345993055555555,14.889965277777778,14.315555555555555,14.265527343750025,8.486871337890648,6.977716064453148
2009,1,4.316677843682796,4.446965456989247,5.625277755903226,4.192946426322581,5.472484268919643,4.260000021226944,3.6836458333333333,9.024516129032259,2.9088508064516128,2.8997983870967743,2.9528696236559138,1.5652709960937727,2.8943420410156477,4.463006591796898
2009,10,12.839499933467742,11.703853561827957,11.354435456774194,13.155580901612902,12.555373335824466,13.205161371538717,10.204657258064517,11.61837365591398,NA,NA,10.865221774193548,10.731500244140648,9.570275878906273,9.234552001953148
2009,11,10.414957391666666,10.401348333333333,9.884221063466667,10.744353873,10.04384983063027,10.689999993642171,9.642805555555555,10.364819444444445,NA,NA,10.884541666666665,8.813409423828148,9.008721923828148,9.103326416015648
2009,12,7.6663478661290325,7.796607190860215,8.482369083870967,7.799117307516129,8.629313002280004,7.949032260525611,6.675470430107527,7.318951612903226,NA,NA,NA,5.299218750000023,5.744775390625023,6.799188232421898
2009,2,3.0963896644345237,3.2084979910714284,4.652212728714286,3.0082168811785714,4.499948933971605,3.115357143538339,2.6879903273809522,8.542418154761904,2.1157217261904764,2.1127306547619047,2.140833333333333,1.6293579101562727,2.3358703613281477,3.5703369140625227
2009,3,3.238718554398827,3.178371578784119,3.9420056673870967,3.161769520903226,3.7886001003554064,3.2435483932495117,3.007948252688172,7.902096774193549,3.088494623655914,2.9545564516129033,2.961875,2.0581298828125227,2.7173400878906477,3.3506103515625227
2009,4,5.567570279722222,4.2004552777777775,5.217832108766666,5.710018112333334,5.189410498458155,5.690666627883911,4.063945138888889,7.955518207282913,5.67525,5.465715277777778,5.308027777777777,4.342462158203148,3.8144775390625223,4.119653320312523
2009,5,9.828853225806451,5.703092876344086,8.510046662064516,10.386290323741935,9.591525491097252,10.410000001230548,5.321436155913979,NA,8.822567204301075,8.530893817204301,7.843783602150538,8.399896240234398,4.463006591796898,5.195428466796898
2009,6,13.966005960416666,9.522427013888889,11.5910194636,14.062757939333334,12.937523903133467,13.985999933878581,8.548065727124182,12.791403985507246,14.032262230094467,11.874884615384614,13.193173611111112,12.074304199218773,8.004663085937523,7.488916015625023
2009,7,16.923246223790322,10.576905107526882,15.82659532483871,17.52983870096774,16.080766215498166,17.59548387219829,8.885779569892474,12.388729838709677,NA,NA,13.056236559139785,15.666345214843773,10.154687500000025,8.589105224609398
2009,8,18.965349003360217,9.945924126344085,19.57558432516129,19.74359513612903,19.98776677696566,19.95741936468309,8.708111559139786,11.796310483870968,NA,NA,12.576397849462365,18.535089111328148,9.622155761718773,8.833245849609398
2009,9,16.77962248188131,14.846216085732744,15.709057909,17.01555553,16.714699264476923,17.010333251953124,12.527194444444445,15.535833333333333,NA,NA,15.719597222222223,14.856072998046898,9.309320068359398,7.798669433593773
2010,1,4.915286058467742,5.067665456989247,6.0387050359032255,5.026478494451613,6.738833591337824,5.080967772391535,3.488125,4.1559341397849465,NA,NA,NA,2.9034973144531477,3.2773681640625227,3.9792724609375223
2010,10,13.430639021217358,12.973585510097037,12.946102110322581,13.66653226967742,12.923241729849316,13.74387095051427,NA,NA,12.930650537634408,12.894344758064516,12.873132506863419,11.952233886718773,11.654687500000025,10.711663818359398
2010,11,9.835208685416667,9.930125,10.2762500283,10.187857170800001,10.152191626527944,10.186000029246012,NA,NA,9.298,9.286797222222223,9.328316297281324,8.352593994140648,8.366326904296898,8.474664306640648
2010,12,7.280411740053763,7.54435752688172,8.543377266709678,7.48897850383871,8.514340944548788,7.46419354408018,NA,NA,5.754761424731183,5.6616975806451615,5.722803434568749,5.683740234375023,5.692895507812523,5.764611816406273
2010,2,3.8762161314814816,3.7688012648809526,4.069769033285715,3.4788108204642856,5.046622203647207,3.6421428748539517,2.5704464285714286,3.1715848214285716,NA,NA,NA,2.5433898925781477,2.5815368652343977,2.6471496582031477
2010,3,NA,4.035564448924731,4.319387333225807,4.5801050221290325,4.6770412201367675,4.416129027643511,3.372157258064516,4.156209677419355,NA,NA,NA,3.7732788085937727,3.6985107421875223,3.7076660156250223
2010,4,NA,5.1105415277777775,5.9434057784,7.786666695233333,7.315955549293009,7.870666662851969,3.7174505928853754,5.7721875,NA,NA,NA,6.045373535156273,5.250360107421898,5.146600341796898
2010,5,NA,7.062939045698925,9.287995699903226,9.809027784555555,6.839999961853027,11.138709714335779,6.8178133119658115,8.087587072649573,10.688787946428572,10.848415432847897,9.004383191872428,9.788476562500025,9.069757080078148,8.705072021484398
2010,6,15.848793513392858,6.5388563425925925,15.138980440000001,19.339583291666667,16.895936886586092,16.00833339691162,6.395121293591786,NA,10.218785052910054,10.14431108566413,8.689246485181743,14.976617431640648,11.259454345703148,11.573815917968773
2010,7,18.779260928763442,8.242075134408601,18.232081836774192,19.681451601612903,19.456750566020858,19.440645094840757,NA,NA,NA,12.918987962962964,11.150371542553192,17.828576660156273,12.344384765625025,12.129235839843773
2010,8,17.83416758064516,10.806007123655913,18.505153649677418,18.301747307419355,19.305274760415873,18.26806456042874,NA,NA,NA,13.228489247311828,12.336131048387097,18.260400390625023,12.069726562500025,10.990899658203148
2010,9,17.727286965851448,13.831048055555556,16.848049413333335,17.789027744333332,17.519341639227008,17.818333244323732,NA,NA,14.558689814814814,14.688884722222221,14.127092036052009,16.002038574218773,11.282342529296898,9.835778808593773
2011,1,4.698197121774194,4.91633064516129,6.02286898716129,5.018682790741935,6.827723747888806,5.206774188626197,NA,NA,3.010769489247312,3.0920853494623657,3.1809469086021505,3.7625976562500223,3.7595458984375223,3.7687011718750223
2011,10,15.065912317588326,14.592679072580646,12.875133903225807,15.069086003548387,14.208120192426243,15.117741984705772,13.163522849462366,14.260434811827956,NA,14.266144489247312,13.993281586021505,13.081414794921898,12.628228759765648,11.680627441406273
2011,11,11.037419322222222,11.021386666666666,10.364698028133333,11.164601426,10.751570301174784,11.27233330408732,10.681338888888888,10.742005555555556,NA,10.4183875,10.360870833333333,8.956842041015648,8.981256103515648,9.194879150390648
2011,12,8.916929672715053,8.979483602150538,8.795430082870968,8.981594665571428,9.164997694706562,9.207741921947848,8.999528225806452,8.82308870967742,NA,8.59125940860215,8.558341397849462,7.220330810546898,7.325646972656273,7.676599121093773
2011,2,3.294097517410714,3.401702380952381,4.575828217428572,3.591369055535714,4.950418819690362,3.6639285513332913,NA,NA,2.0439002976190475,2.120380208333333,2.2035249176798377,2.7799011230468977,2.7875305175781477,2.8073669433593977
2011,3,3.8377484318548385,3.7825497311827956,4.399310523322581,3.7042835360967743,4.598208728439478,3.8309677339369252,NA,NA,3.3524744623655915,3.246587365591398,3.283748641615191,2.9111267089843977,2.9477478027343977,3.0835510253906477
2011,4,5.526134214444444,4.789491666666667,5.005833385333333,5.720555549833334,5.534908709936472,5.748666652043661,NA,NA,5.590167361111111,5.491108333333333,5.430878147163121,5.033685302734398,5.100823974609398,5.209161376953148
2011,5,10.178750986155913,6.974735215053763,7.647177411612904,10.184946233225807,9.016542780935781,10.300322594181184,6.599116071428572,7.3127125,9.551442934782608,9.156821990558615,8.685612231182796,9.040765380859398,8.470086669921898,8.470086669921898
2011,6,14.722024062777777,8.710405555555555,12.579287472666667,15.149897340666667,14.39583145712984,15.096666653951008,8.706310416666666,11.607677777777777,NA,13.007371527777778,12.054841666666666,13.806237792968773,11.662316894531273,11.926293945312525
2011,7,18.289063918010754,9.31975806451613,18.299999239999998,19.5,NA,19.38032248712355,8.74762567204301,10.816791666666667,NA,12.575887768817203,11.299743951612903,17.863671875000023,14.218225097656273,13.827600097656273
2011,8,18.36508197782258,10.901587078964358,16.544019014193548,19.07432797967742,19.20150660094718,18.751935435879616,10.647295026881721,13.261206317204302,NA,15.196664650537635,13.987067876344085,18.133752441406273,15.031549072265648,13.215692138671898
2011,9,16.804468477083333,13.192166666666667,15.306993148333333,16.861805572,17.27475459669409,16.788666693369546,11.95571111111111,14.09580486111111,NA,14.846276388888889,14.201528472222222,15.904382324218773,14.096154785156273,12.837274169921898
2012,1,6.807852790188172,6.855625336021506,7.334401204322581,NA,7.426112536391493,6.85548383958878,6.30477688172043,6.301487903225807,NA,5.51624126344086,5.483159946236559,5.018426513671898,5.134393310546898,5.491479492187523
2012,10,13.525665492424242,12.922079671111728,13.336024599677419,13.666736768064515,13.990139002938655,13.627419410213347,11.545072580645162,11.610332661290322,NA,NA,NA,12.446649169921898,11.706567382812525,10.408013916015648
2012,11,10.819769888194445,10.928958333333334,11.506606225666667,10.660581411133332,11.365333440988058,10.775666618347168,10.611896527777779,10.912530555555556,NA,NA,NA,9.008721923828148,9.101800537109398,9.329187011718773
2012,12,8.866789461693548,9.129220430107527,10.1366071365,8.72809128851613,10.061738973617476,8.817741932407502,8.794245295698925,8.97461559139785,NA,NA,NA,7.261529541015648,7.307336425781273,7.499597167968773
2012,2,5.447660123915883,5.536616163793103,6.057808668724138,NA,6.59214679448769,5.483793094240386,5.316077586206896,5.274286637931034,NA,4.7519640804597705,4.694642959770115,4.127282714843773,4.177636718750023,4.377557373046898
2012,3,6.276101189516129,5.7162807795698924,6.020313220806452,NA,6.361293456186052,6.3970967723477274,5.63944690860215,5.73977688172043,NA,5.738393817204301,5.624065860215054,4.931451416015648,4.771234130859398,4.981805419921898
2012,4,7.520948982679738,6.515077222222223,6.946527789,NA,7.250468568553479,7.893000062306722,6.803771527777777,7.484147222222222,NA,7.9208541666666665,7.738277777777778,6.452813720703148,6.188806152343773,6.150659179687523
2012,5,11.649078128360214,7.701062163978494,10.197849476129033,NA,11.286600374966994,11.91032265078637,7.825198924731183,9.512305107526881,NA,11.144786962365592,10.295413978494624,10.522454833984398,8.846978759765648,8.352593994140648
2012,6,15.803046565277777,10.531003194444445,14.07861112,18.200000760000002,15.35772375171925,16.196333408355713,10.411645888888888,11.614187526709403,NA,15.27831891025641,14.829399305555555,14.415093994140648,11.448693847656273,9.844934082031273
2012,7,19.09495311827957,9.625499663978495,20.416532243870968,20.105107522580646,19.262166281144477,20.07677428953109,9.714466397849462,10.574609206989248,NA,NA,NA,18.881463623046898,13.319451904296898,11.427331542968773
2012,8,19.633543510752688,10.562964045698925,21.346370962903226,20.36639783903226,21.141438651109972,20.258064639183782,10.229342069892473,11.344599462365592,NA,NA,NA,19.949609375000023,15.022393798828148,12.994439697265648
2012,9,17.659208735416666,12.138236944444445,17.136388882333332,16.448611103666668,18.3567927677514,17.08366676966349,11.288152777777778,11.350514751984127,NA,NA,NA,16.647515869140648,13.914575195312525,12.568719482421898
2013,1,6.740964613844086,6.817478494623656,NA,6.706989224903226,8.34160847910618,6.73645161044213,5.803243279569893,6.087369623655914,NA,NA,NA,4.968072509765648,4.977227783203148,5.039788818359398
2013,10,14.776562080510752,13.917451612903227,NA,14.645260626774194,13.058727684699516,14.97258057132844,11.99528629032258,13.766281586021504,13.870846102150539,13.803948252688173,13.637913306451614,12.783868408203148,12.452752685546898,11.694360351562525
2013,11,10.46910911860969,10.457736111111112,NA,10.485766888266667,10.174394127154624,10.655333360036215,9.695691666666667,10.272480555555555,9.000800694444445,9.014422222222223,9.010597916666667,9.457360839843773,9.521447753906273,9.732019042968773
2013,12,7.703055800832147,7.427200268817204,NA,7.299865592516129,7.725901586564861,7.336774133866833,6.635343413978495,6.82191061827957,5.361827956989248,5.345926747311828,5.355567204301075,5.856164550781273,5.930932617187523,6.196435546875023
2013,2,4.995999405059524,5.083608630952381,NA,4.6649285858928575,6.829634212313885,4.686785706451961,4.280202380952381,4.342821428571429,NA,NA,NA,3.7671752929687727,3.7870117187500223,3.8236328125000223
2013,3,4.100251022446237,4.116650537634409,NA,4.262698693193548,5.602235875802292,4.448064511822116,4.217266801075269,4.2221290322580645,NA,NA,NA,3.8724609375000223,3.8526245117187727,3.8755126953125223
2013,4,6.142355205138889,5.250740277777778,NA,6.107723443866667,6.003800831639157,6.248000001907348,5.3845,5.112633333333333,NA,NA,NA,5.282434082031273,5.041314697265648,4.830743408203148
2013,5,10.903606635752688,6.738111262077295,NA,11.287212046096775,9.985982155366012,11.429354759954638,7.533747983870968,7.313270161290323,NA,NA,NA,9.014825439453148,8.006188964843773,6.611505126953148
2013,6,14.970701099444444,9.504761775362319,NA,14.3922039105,13.854077420755301,15.404999987284343,8.932668055555556,11.221872808423301,13.442752768065269,13.086443108974358,12.307308173076922,14.329614257812525,11.669946289062525,9.942590332031273
2013,7,19.375151911290324,10.047943548387096,NA,20.709172662272728,18.908353944949212,20.202903378394343,9.816534274193549,12.69442809139785,16.43990188172043,15.982672043010753,14.389780913978495,18.899774169921898,12.860162353515648,11.520410156250025
2013,8,18.77218748924731,10.48728494623656,NA,19.04014724064516,18.527536818502675,19.16806454812327,9.765511424731184,12.209504032258065,13.945631048387098,13.539528225806452,12.484887096774193,18.124597167968773,12.724359130859398,11.689782714843773
2013,9,16.863825806944444,12.339458333333333,NA,16.794305556,16.43702315421609,16.952999877929688,11.176033333333333,13.174645833333333,14.136825694444445,13.906359722222222,13.410047916666667,15.588525390625025,12.391717529296898,11.657739257812525
2014,1,NA,4.792298387096774,NA,4.476174598935484,6.089774114704396,4.56483874013347,4.2151323924731185,4.2181102150537635,2.9104005376344086,2.9449865591397852,3.0106290322580644,4.279870605468773,4.316522216796898,4.411126708984398
2014,10,14.1118701704867,13.324281030701755,13.609465843225806,14.17386627516129,14.051305167719264,14.325806463918378,12.312316532258064,13.084112903225806,13.180200268817204,13.165020161290323,13.048213037634408,13.601770019531273,13.913049316406273,14.218225097656273
2014,11,10.603440797916667,10.710194097222223,10.961310480066667,10.4565277519,11.260444919856802,10.575666681925455,10.510179166666667,10.502247916666667,9.66215,9.668465972222222,9.707450694444445,9.698449707031273,9.851037597656273,10.408013916015648
2014,12,7.814168617876344,8.399546102150538,9.200371362,7.843133503903226,9.439051315167806,7.713225749231154,8.128537634408602,7.978809139784946,7.124940188172043,7.246903897849462,7.2805625,7.026544189453148,7.023492431640648,7.290521240234398
2014,2,NA,3.4002410714285713,NA,3.229613096285714,4.755356863474516,3.310000002384186,2.604235119047619,2.629451636904762,1.6153474702380952,1.8454248511904763,1.8582916666666667,2.9736877441406477,3.0347229003906477,3.1979919433593977
2014,3,NA,2.8205752688172043,4.011728343076923,2.7796867611935485,4.07981397977307,3.026774198778214,2.3965981182795697,2.467165994623656,2.078184139784946,2.141703629032258,2.1288649193548386,3.3200927734375227,3.3155151367187727,3.3429809570312727
2014,4,NA,3.870654911180773,4.939167217433333,4.8222222053333335,4.938304039518319,4.998333342870077,3.840829166666667,4.111114583333333,4.583240277777778,4.541378472222222,4.413915972222222,4.604913330078148,4.630853271484398,4.701043701171898
2014,5,NA,5.794737903225807,8.216822315,10.09731181216129,9.308856687342068,10.39354839632588,5.715084005376344,7.956654569892473,9.716750000000001,9.3810436827956991,8.83268615591398,8.494500732421898,8.038232421875023,7.868859863281273
2014,6,15.321927549684649,7.824445908816425,12.366891728333334,15.600863511666667,14.127173278119454,15.486333338419596,7.408444736842105,10.048624404761904,13.492079953703703,12.841786426767676,11.289725,13.659753417968773,12.477166748046898,12.359674072265648
2014,7,16.28836098655914,7.493922580645162,17.47055870483871,17.191935457096776,17.73537932765777,17.054515838623047,7.477340725806451,9.233948924731182,10.624450268817204,10.211896505376345,9.37495497311828,17.434899902343773,14.842340087890648,14.587518310546898
2014,8,18.189478409946236,9.855589112903225,19.878387302580645,18.781182813225808,18.99244730590419,18.738387138612808,9.725579973118279,12.63707930107527,15.7880625,15.199383064516129,13.894510752688172,18.330590820312523,15.779260253906273,15.004083251953148
2014,9,17.301986845138888,11.776473333333334,17.691817091,17.362638926333332,17.02831937283465,17.687999947865805,11.063695833333334,13.38243888888889,14.939331944444444,14.527366666666667,13.916669871794872,17.003045654296898,16.067651367187523,14.970513916015648
2015,1,5.838636057795699,6.004986290322581,7.59146414832258,5.40744506683871,7.312420640475395,5.553225840291669,5.329377016129032,5.291049059139785,3.803072580645161,3.8690557795698926,3.9373353494623653,4.705621337890648,4.772760009765648,4.951287841796898
2015,10,13.720319858422938,13.5304614565648,12.996236577096774,13.438388238709678,12.872119351462663,13.711613009052892,12.806004032258064,NA,NA,NA,13.425514112903226,11.184686279296898,11.274713134765648,11.999536132812525
2015,11,11.435012397916667,11.326817569444444,10.699679946966667,11.215942029333334,11.02247387311976,11.455666637420654,10.728551388888889,NA,NA,NA,10.520228472222222,9.246759033203148,9.362756347656273,9.780847167968773
2015,12,9.491983541935484,9.47007809139785,9.213306415870967,9.324596792064517,9.193479030006104,9.413548284961331,9.31722244623656,NA,NA,NA,8.620055107526882,7.302758789062523,7.301232910156273,7.542321777343773
2015,2,3.1657533242559524,3.2733351190476188,5.432449138321429,3.3356754612142856,5.586273969057122,3.1621428813253134,1.8804032738095238,1.88840625,0.4856845238095239,0.6645186011904761,0.7190282738095237,3.5794921875000227,3.5825439453125227,3.5993286132812727
2015,3,2.3073061779569892,2.36666438172043,3.672848398580645,2.3698632482903226,4.353050225120337,2.1741935360816216,1.5124200268817205,1.5591680107526882,1.040728494623656,1.070355510752688,1.0975141129032258,2.5983215332031477,2.5693298339843977,2.6090026855468977
2015,4,4.840196490694445,3.9982514583333333,4.556397202366667,4.803900973933334,4.315724412511972,4.831333303451538,3.8062152777777776,4.352880555555555,4.599732638888889,4.376240277777778,4.29440625,4.180688476562523,4.104394531250023,4.295159912109398
2015,5,9.742186614112903,5.816120900537634,8.507450930741935,10.542397132032258,9.03362178556578,10.687096811109974,5.5120974462365595,7.315504704301075,8.695774865591398,8.548417338709678,7.974658602150538,8.967523193359398,8.944635009765648,9.379541015625025
2015,6,12.817220830344203,8.21052705462963,12.1179583961,13.327638885066667,12.799005653574854,13.327666727701823,8.622209027777778,10.29477638888889,11.781099305555555,11.451360416666667,10.860671527777777,14.051904296875025,13.961877441406273,14.195336914062525
2015,7,18.31354757123656,9.52911995967742,16.435908847083333,19.00802945870968,17.403479244517204,18.829354870703913,9.326702956989248,12.560648521505376,16.39615053763441,15.75601747311828,13.906629032258065,17.517297363281273,15.661767578125025,15.463403320312525
2015,8,19.350811920698924,9.806491935483871,NA,20.357795660645163,19.250183862631474,20.249999938472623,9.717602150537635,12.195975664767332,14.478516300154322,13.33160211104952,13.212794383490074,19.0248962402344,15.881494140625025,15.663293457031273
2015,9,18.548611643055555,12.439268680555555,17.06726196857143,19.096287896,17.230013137687543,18.91633326212565,12.197816666666666,NA,NA,NA,16.618964583333334,17.036614990234398,14.163293457031273,13.766564941406273
2016,1,6.858775390322581,6.987433602150538,7.322586518548387,6.691801078225806,7.648164161360931,6.870000008613832,6.427735215053763,NA,NA,NA,5.3822956989247315,5.241204833984398,5.285485839843773,5.387719726562523
2016,10,14.859633078629033,14.691619690860215,13.584537207096774,15.325444723225806,14.428853150275543,15.031935445723995,14.280031586021506,NA,NA,NA,14.555778897849462,13.313348388671898,13.354547119140648,13.559045410156273
2016,11,11.600665156944444,11.536445138888888,11.392870515666667,12.205856407666667,11.380454568494322,11.557666714986166,11.32305,NA,NA,NA,10.817747916666667,9.321557617187525,9.397851562500025,9.670983886718773
2016,12,8.704714791129032,8.789544892473119,9.380656894516129,9.224789642967743,9.69399040213022,8.85419362591159,9.797990705128205,NA,NA,NA,7.1767990591397846,6.597772216796898,6.628289794921898,6.735101318359398
2016,2,5.1669651173850575,5.32475933908046,5.792641211758621,4.86617315962069,6.33999708533092,4.9834482752043625,4.6939166666666665,NA,NA,NA,4.005212643678161,3.7915893554687727,3.8266845703125223,3.8724609375000223
2016,3,4.964154886021506,4.865247647849462,5.435302736419355,4.863978533967742,5.802049915969471,4.900322591104815,4.980350806451613,NA,NA,NA,5.0625638440860214,3.8160034179687727,3.9014526367187727,4.166955566406273
2016,4,6.222864937777778,5.657275486111111,5.7515277822,6.621570057433333,NA,6.334666649500528,5.876465277777777,NA,NA,NA,6.54414375,5.013848876953148,5.154229736328148,5.479272460937523
2016,5,10.004042569623655,7.085113911290323,8.848521512064517,10.852495350354838,10.254819921245327,10.648709712489959,6.983390456989247,NA,NA,NA,9.219061155913979,8.567742919921898,8.103845214843773,8.071801757812523
2016,6,14.979153639583334,8.891000277777778,13.847632288333333,15.534975878000001,14.29197702566657,15.482000001271565,8.338622916666667,NA,NA,NA,11.757684027777778,14.004602050781273,11.686730957031273,10.932916259765648
2016,7,18.611505846774193,9.600099439964158,19.480324570645163,19.109085081612903,19.008745965304787,18.989032130087576,9.36169690860215,NA,NA,NA,13.977293682795699,18.7136169433594,13.882531738281273,11.732507324218773
2016,8,19.46087375,10.871820295698924,21.104665523548388,20.872748026451614,19.981511841448135,20.432258052210653,10.382331989247312,NA,NA,NA,14.66732123655914,20.088464355468773,16.208032226562523,13.772668457031273
2016,9,18.060554579166666,13.492080069444444,17.399452696,18.819492701999998,18.155794760538758,18.550999959309895,13.287414583333334,NA,NA,NA,16.261460416666665,17.575280761718773,16.772637939453148,14.665338134765648
2017,1,6.839682802553764,6.909362096774194,7.46384407916129,7.218817232064516,8.18905278877396,6.848387102926931,NA,NA,NA,NA,5.4953219086021505,5.195428466796898,5.265618896484398,5.494531250000023
2017,10,15.354863887768817,14.144176276881721,13.701177308888889,15.458870978387097,15.205532677920765,15.549999913861674,NA,NA,NA,NA,NA,14.671441650390648,14.758416748046898,14.891168212890648
2017,11,10.566178156944444,10.538259166666666,11.37251147072,10.905530316133333,10.827443501259019,10.584999910990398,NA,NA,NA,NA,NA,11.025994873046898,11.152642822265648,11.488366699218773
2017,12,7.951218238037634,7.984960866971422,9.1614864275,8.386267029903225,8.685618752053058,7.985483846356791,NA,NA,NA,NA,NA,7.043328857421898,7.147088623046898,7.537744140625023
2017,2,5.255373981696429,5.290471577380952,5.731831872821429,5.850886371142857,6.595039146227193,5.256071414266314,NA,NA,NA,NA,4.411121279761905,4.209680175781273,4.221887207031273,4.319573974609398
2017,3,4.2818675447580645,4.342210551075269,4.6175400721290325,4.8836754511935485,5.3926598701150965,4.336451630438527,NA,NA,NA,NA,3.7438837365591398,3.5962768554687727,3.6435791015625223,3.7625976562500223
2017,4,6.1026771505555555,4.521647708333333,5.313701670433334,6.679504851166667,5.890835947688803,6.375333285331726,NA,NA,NA,NA,5.941869444444444,5.253411865234398,5.212213134765648,5.007745361328148
2017,5,9.97133424045699,6.9525790994623655,8.133511763774193,10.604713031612903,8.801488516823325,10.226451596906108,NA,NA,NA,NA,9.37712432795699,9.171990966796898,8.602838134765648,7.667443847656273
2017,6,13.865068007576726,8.101137342687075,12.814214981533333,14.304861130666666,12.761693323733942,14.356333255767822,NA,NA,NA,NA,10.796979166666667,13.856591796875025,12.414605712890648,11.787438964843773
2017,7,17.48007708821295,8.419493548387097,18.411339208709677,18.745534911612904,17.558096174153235,17.905806326097057,NA,NA,NA,NA,NA,18.370263671875023,15.733483886718773,15.129205322265648
2017,8,18.850598153225807,10.185909677419355,19.90857297580645,19.324064986451614,19.386705201017534,18.880645198206746,NA,NA,NA,NA,NA,18.684625244140648,15.681604003906273,13.363732910156273
2017,9,16.86749927638889,12.488293263888888,17.356536730833334,17.288749988,16.95473291883779,17.23099994659424,NA,NA,NA,NA,NA,16.075280761718773,15.933374023437525,13.604821777343773
2018,1,4.386447308736559,4.624011424731183,NA,5.0030914192258065,6.336423756313139,4.36935483255694,NA,NA,NA,NA,NA,8.326654052734398,8.338861083984398,8.343438720703148
2018,10,NA,14.06078051075269,15.630442258571428,14.95894695032258,13.536125169674222,14.77322575353807,NA,13.988817204301075,NA,NA,NA,14.041223144531273,14.039697265625025,12.481744384765648
2018,11,NA,10.10502,9.935197422285714,10.6040942812,10.432201250233419,10.423333390553793,NA,9.786854166666666,NA,NA,NA,9.428369140625025,9.461938476562525,9.551965332031273
2018,12,NA,7.406798051075269,8.196159059842104,7.605591200225806,7.825302305028244,7.441612889689784,NA,6.943272849462366,NA,NA,NA,6.028588867187523,6.083520507812523,6.269677734375023
2018,2,3.9991783287202383,3.9083686011904764,NA,4.258275115428572,5.435244170302169,3.9746428813253134,NA,NA,NA,NA,NA,4.612542724609398,4.568292236328148,4.653741455078148
2018,3,4.247028954973119,4.300924126344086,NA,4.570049204193548,5.296139954555114,4.34580647560858,NA,NA,NA,NA,NA,5.291589355468773,5.283959960937523,5.337365722656273
2018,4,5.459719636388889,4.808206875,5.40136191675,5.9647754779,5.3583921691537695,5.728333361943563,NA,NA,NA,NA,NA,5.445703125000023,5.384667968750023,5.566247558593773
2018,5,10.659457900806451,5.555188440860215,9.20051486932143,11.310135095612903,9.956199451994783,11.188387101696383,NA,NA,NA,NA,NA,10.476678466796898,10.496514892578148,10.624688720703148
2018,6,14.606160465277778,7.920509236111111,13.55354929375,15.898187314333333,14.85022989849766,15.57066666285197,NA,NA,NA,NA,NA,15.060540771484398,15.051385498046898,15.126153564453148
2018,7,18.599754880434784,9.164479357381575,20.00858059076923,19.786973377419354,19.734829576896445,19.195483976794826,NA,NA,NA,NA,NA,19.525415039062523,18.8234802246094,17.703454589843773
2018,8,19.710198728494625,11.615973790322581,20.7270457035,21.408404291935483,20.910197702188203,20.506774164015248,NA,14.485798611111111,NA,NA,NA,21.072686767578148,18.4267517089844,16.618524169921898
2018,9,19.282377360549944,14.77199741711188,19.909374945,19.749067341666667,18.350009978578445,19.35066687266032,NA,16.553722222222223,NA,NA,NA,18.280236816406273,16.911492919921898,13.812341308593773
2019,1,NA,5.502772782258065,4.703895391892857,5.901356842451613,6.058159323426559,5.575483852817166,NA,4.783293010752688,NA,NA,NA,4.522515869140648,4.649163818359398,4.980279541015648
2019,10,14.079425974329551,13.587744379276637,12.608526178064515,14.380364686774193,13.54682899238311,14.2596773639802,NA,NA,13.861202956989247,13.772697580645161,13.682524193548387,15.799096679687525,15.792993164062525,15.789941406250025
2019,11,11.02948899832052,10.750088863507195,10.570060330066667,11.3018357942,10.308680561346929,10.940333366394043,NA,NA,9.525366666666667,9.464222222222222,9.41570138888889,13.516320800781273,13.525476074218773,13.527001953125025
2019,12,NA,7.55313252688172,8.959953703277778,7.975274683741936,8.369952047479664,7.606774237848097,NA,NA,6.332268817204302,6.3907217741935485,6.364008064516129,10.748284912109398,10.762017822265648,10.766595458984398
2019,2,NA,3.7958747023809525,4.208324960142857,4.073964794857143,4.763231293203864,3.7646428516932895,NA,3.169955357142857,NA,NA,NA,4.273767089843773,4.252404785156273,4.336358642578148
2019,3,NA,3.2388169354838707,4.065778927387097,3.7982702197419353,4.21136653848134,3.6316129084556334,NA,3.0062163978494625,NA,NA,NA,4.189843750000023,4.107446289062523,4.395867919921898
2019,4,NA,4.674141041666667,4.909504874055555,5.9484782596,5.111325919717532,5.740000041325887,NA,4.953673611111111,NA,NA,NA,9.294061279296898,9.286431884765648,9.344445800781273
2019,5,NA,6.034042947085456,7.879669504111111,10.368595167193549,8.828337497356934,10.224193511470672,NA,7.897284946236559,NA,NA,NA,12.927301025390648,12.942559814453148,12.947137451171898
2019,6,13.566366527777777,6.979212095959596,11.673114226172414,14.854926029666666,13.021764528110152,14.483333237965901,NA,9.2828125,NA,NA,NA,16.745172119140648,16.765008544921898,16.743646240234398
2019,7,19.48673059256662,8.379513078541374,15.495786578064516,21.115477692258064,18.946282224613505,20.359355003603042,NA,11.425826612903226,NA,NA,NA,20.047265625000023,20.044213867187523,19.754296875000023
2019,8,18.72065451145395,9.444424263674614,17.502138307419354,19.948694323870967,19.755181965409296,19.346128894436745,NA,12.328487903225806,15.548996726190476,14.927700892857143,14.616681077694237,20.953668212890648,20.929254150390648,20.7202087402344
2019,9,17.930920893719808,13.62642995169082,15.969172678666666,18.529710134,17.478318571659628,18.167666625976562,NA,14.985543154761904,15.980209722222222,15.648272222222221,15.425941666666667,18.661737060546898,18.623590087890648,18.559503173828148
2020,1,NA,6.111550268817204,NA,6.433561234258065,7.048754200606556,6.187419337611044,NA,NA,NA,NA,NA,8.900384521484398,8.915643310546898,8.920220947265648
2020,10,14.116878021978023,13.963307103619849,12.931428548,14.595149209032257,14.518798193396274,14.463870909906204,NA,NA,NA,NA,NA,15.326989746093773,15.282006835937525,15.128991699218773
2020,11,10.939062513888889,10.871819583333334,10.4812690896,11.1249797588,10.839017193955112,11.102666664123536,NA,NA,NA,NA,NA,12.300988769531273,12.308007812500025,12.320001220703148
2020,12,7.677598655913979,7.861578897849462,8.476881753387097,8.393361471806452,8.361262659304629,8.237096755735335,NA,NA,NA,NA,NA,9.645013427734398,9.646997070312525,9.653985595703148
2020,2,NA,4.794237787356322,NA,5.180141177103448,6.051125970940087,5.175172427604938,NA,NA,NA,NA,NA,8.328179931640648,8.338861083984398,8.340386962890648
2020,3,NA,5.081903225806451,NA,5.582592283,5.790176743953059,5.2790322919045725,NA,NA,NA,NA,NA,9.710656738281273,9.725915527343773,9.730493164062525
2020,4,NA,5.767035972222223,NA,6.5161533747,5.935736333775869,6.29400003751119,NA,NA,NA,NA,NA,11.459375000000025,11.476159667968773,11.480737304687525
2020,5,NA,6.921579704301076,NA,9.941947195870968,8.847175818594826,9.133548352026171,NA,NA,NA,NA,NA,13.458337402343773,13.465966796875025,13.464440917968773
2020,6,NA,7.581489444444444,NA,16.737035550333335,16.075605478834696,15.728000005086262,NA,NA,NA,NA,NA,17.488305664062523,17.216668701171898,17.032037353515648
2020,7,NA,9.642160887096773,NA,20.897589873225808,20.071087570712074,20.190000041838616,NA,NA,NA,NA,NA,21.626611328125023,19.577294921875023,17.204461669921898
2020,8,NA,11.129931720430108,NA,20.147606085483872,19.771888113177898,19.705806363013483,NA,NA,NA,NA,NA,21.506005859375023,19.903009033203148,17.596002197265648
2020,9,NA,13.699995833333334,NA,18.030233302,17.755009087502668,17.892333221435546,NA,NA,NA,NA,NA,18.305993652343773,18.132989501953148,16.956994628906273
2021,1,5.774082325268817,5.947822311827957,7.35107526867742,6.219523950354839,6.645547553725103,6.025483900500882,NA,NA,NA,NA,NA,7.365991210937523,7.373986816406273,7.392999267578148
2021,10,15.97118306451613,15.487144086021505,14.27718718064516,16.25934980483871,15.427089141606592,16.105483854970625,NA,NA,NA,NA,NA,15.820001220703148,15.693994140625025,12.872003173828148
2021,11,11.810828570261439,12.085949656862745,11.740555529666667,12.174077989,12.143082197493133,11.675666809082031,NA,NA,NA,NA,NA,11.252008056640648,11.270013427734398,11.303002929687525
2021,12,9.706533629032258,9.763590188172044,9.768320498064517,9.766552107387097,10.288239299610098,9.257741958864273,NA,NA,NA,NA,NA,8.472009277343773,8.485009765625023,8.520989990234398
2021,2,4.109507291666667,4.301848958333333,6.0598667315,4.219356536964286,5.786007499713272,4.205357125827244,NA,NA,NA,NA,NA,5.421990966796898,5.438989257812523,5.477990722656273
2021,3,4.8026303360215055,4.70676061827957,5.5793994885,4.6878433630384615,5.871778419074844,4.531333343187968,NA,NA,4.614,4.4885625000000005,4.59025,4.721002197265648,4.676995849609398,4.676995849609398
2021,4,6.8355366944444444,6.272805471014493,6.558674240933334,6.8242046725,6.766360540438809,6.785000022252401,NA,NA,NA,NA,NA,6.456994628906273,6.300012207031273,6.123010253906273
2021,5,10.436858593432142,7.459211290322581,9.53055348575862,10.98739757783871,10.260907549143688,11.080967780082457,NA,NA,NA,NA,NA,10.757012939453148,9.067010498046898,8.352990722656273
2021,6,14.57055212246302,9.780138507236227,18.565555646666667,15.476253248333334,15.077488678032783,15.698333390553792,NA,NA,NA,NA,NA,16.200006103515648,12.787988281250025,10.481988525390648
2021,7,18.27073252688172,13.396083467741935,17.48494621516129,18.751787768709676,18.37308769635176,18.588709677419356,NA,NA,NA,NA,NA,19.142999267578148,13.528985595703148,9.990991210937525
2021,8,20.26256827956989,13.663942607526883,17.896370970322582,20.984765968064515,19.444957160816188,20.85806458996188,NA,NA,NA,NA,NA,20.855004882812523,13.532006835937525,10.003015136718773
2021,9,18.71871972222222,14.793782361111111,16.50638895333333,18.786636056,18.35918170006379,18.71379312975653,NA,NA,17.172333333333334,17.053416666666667,16.632166666666667,19.274011230468773,15.274011230468773,12.068994140625025
2022,1,7.467998306451613,7.523534858578775,7.987365600290323,7.477426602483871,8.475650656928298,6.968387096158919,NA,NA,NA,NA,NA,6.804010009765648,6.796990966796898,6.803002929687523
2022,2,5.253671934523809,5.352236717132505,6.221279750321428,5.414541477464286,6.638939582736966,5.019999997956412,NA,NA,NA,NA,NA,4.919000244140648,4.912988281250023,4.919000244140648
2022,3,5.152279851116625,5.024930376344086,5.8620845688709675,5.213295233580645,5.9309638530116295,5.020967745011853,NA,NA,NA,NA,NA,4.851007080078148,4.735986328125023,4.725000000000023
2022,4,6.543759208333333,5.778625694444445,6.3866666847,6.5723551746333335,NA,6.567666641871134,NA,NA,NA,NA,NA,6.322991943359398,6.146997070312523,6.036004638671898
2022,5,10.114132163978494,7.401625940860215,9.14973117219355,10.212609091806453,9.94020834101571,10.131612946910243,NA,NA,NA,NA,NA,9.623010253906273,6.462060546875023,6.382989501953148
2022,6,15.403878333333333,8.838576944444444,14.189166689333334,15.954663761666668,15.269907671522297,15.701666673024496,NA,NA,NA,NA,NA,15.764062500000025,6.370996093750023,6.017999267578148
2022,7,16.83790376344086,8.644198521505377,19.356352250967742,18.26552117032258,18.540293318578616,18.100645126834994,NA,NA,NA,NA,NA,19.221002197265648,7.720056152343773,7.627069091796898
2022,8,19.404008198924732,12.542076747311828,21.248650058387096,20.133366333548388,19.686321800973097,19.628387020480247,NA,NA,NA,NA,NA,20.4059997558594,9.422998046875025,8.417993164062523
